Time,Inj Gas Meter Volume Instantaneous,Inj Gas Meter Volume Setpoint,Inj Gas Valve Percent Open,deviation
10/31/2024 12:00:00 am,559.0225499999999,543.0,44.65046,16.02254999999991
10/31/2024 12:14:00 am,549.6309,543.0,44.68318,6.630899999999997
10/31/2024 12:30:00 am,586.3567499999999,543.0,44.58979,43.35674999999992
10/31/2024 12:46:00 am,573.30135,543.0,44.62712,30.301349999999957
10/31/2024 1:00:00 am,564.6483000000001,543.0,44.64499,21.648300000000063
10/31/2024 1:14:00 am,559.5771,543.0,44.65577,16.577099999999973
10/31/2024 1:28:00 am,594.0436500000001,543.0,44.5543,51.04365000000007
10/31/2024 1:44:00 am,579.2346,543.0,44.60474,36.2346
10/31/2024 2:00:00 am,575.6688,543.0,44.612,32.66880000000003
10/31/2024 2:14:00 am,569.6556,543.0,44.63334,26.65560000000005
10/31/2024 2:30:00 am,556.50495,543.0,44.65831,13.504950000000008
10/31/2024 2:46:00 am,582.01815,543.0,44.58346,39.01814999999999
10/31/2024 3:00:00 am,583.23225,543.0,44.59333,40.23225000000002
10/31/2024 3:16:00 am,557.40765,543.0,44.62994,14.40764999999999
10/31/2024 3:28:00 am,559.6974,543.0,44.65321,16.697400000000016
10/31/2024 3:44:00 am,561.0645,543.0,44.64957,18.064499999999953
10/31/2024 4:00:00 am,574.6855499999999,543.0,44.61326,31.68554999999992
10/31/2024 4:14:00 am,577.60605,543.0,44.63443,34.60604999999998
10/31/2024 4:30:00 am,571.9866000000001,543.0,44.61763,28.986600000000067
10/31/2024 4:46:00 am,566.8248,543.0,44.64836,23.824799999999982
10/31/2024 4:58:00 am,576.3850500000001,543.0,44.33146,33.38505000000009
10/31/2024 5:14:00 am,574.7841,543.0,44.34416,31.784099999999967
10/31/2024 5:30:00 am,561.53055,543.0,44.39851,18.53054999999995
10/31/2024 5:44:00 am,546.55815,543.0,44.41094,3.558149999999955
10/31/2024 6:00:00 am,558.4390500000001,543.0,44.38026,15.439050000000066
10/31/2024 6:14:00 am,572.1432,543.0,44.3538,29.14319999999998
10/31/2024 6:30:00 am,567.6579,543.0,44.36668,24.65790000000004
10/31/2024 6:46:00 am,556.07025,543.0,44.39721,13.070249999999987
10/31/2024 6:58:00 am,546.97725,543.0,44.41696,3.9772500000000264
10/31/2024 7:14:00 am,571.2198,543.0,44.3497,28.219799999999964
10/31/2024 7:30:00 am,565.43385,543.0,44.3615,22.433850000000007
10/31/2024 7:44:00 am,562.36515,543.0,44.37756,19.36514999999997
10/31/2024 8:00:00 am,549.08595,543.0,44.41018,6.085950000000025
10/31/2024 8:16:00 am,546.15675,543.0,44.419,3.156749999999988
10/31/2024 8:30:00 am,584.6124,543.0,44.31561,41.61239999999998
10/31/2024 8:44:00 am,573.8061,543.0,44.35046,30.806100000000015
10/31/2024 8:58:00 am,560.93895,543.0,44.38796,17.938949999999977
10/31/2024 9:14:00 am,554.2827,543.0,44.40012,11.282699999999977
10/31/2024 9:30:00 am,545.76135,543.0,44.41581,2.761349999999993
10/31/2024 9:44:00 am,577.70445,543.0,44.3311,34.70444999999995
10/31/2024 10:00:00 am,565.99395,543.0,44.3562,22.99395000000004
10/31/2024 10:16:00 am,555.49005,543.0,44.39793,12.490049999999997
10/31/2024 10:28:00 am,544.86165,543.0,44.41911,1.8616500000000542
10/31/2024 10:44:00 am,573.1845,543.0,44.3461,30.184499999999957
10/31/2024 10:58:00 am,565.70355,543.0,44.36767,22.70354999999995
10/31/2024 11:14:00 am,539.49735,543.0,44.3986,-3.502650000000017
10/31/2024 11:30:00 am,547.63275,543.0,44.42148,4.632749999999987
10/31/2024 11:44:00 am,537.68835,543.0,44.44006,-5.311649999999986
10/31/2024 12:00:00 pm,565.84485,543.0,44.40781,22.84484999999995
10/31/2024 12:16:00 pm,551.3133,543.0,44.40445,8.313300000000027
10/31/2024 12:28:00 pm,537.8523,543.0,44.47496,-5.147699999999986
10/31/2024 12:44:00 pm,536.6283000000001,543.0,44.45201,-6.371699999999919
10/31/2024 1:00:00 pm,535.6395,543.0,44.44459,-7.360500000000002
10/31/2024 1:14:00 pm,556.9569,543.0,44.38197,13.956900000000019
10/31/2024 1:30:00 pm,551.90055,543.0,44.39755,8.900549999999953
10/31/2024 1:44:00 pm,541.99125,543.0,44.4304,-1.0087499999999636
10/31/2024 2:00:00 pm,530.3100000000001,543.0,44.45881,-12.68999999999994
10/31/2024 2:14:00 pm,555.0696,543.0,44.39986,12.069600000000037
10/31/2024 2:28:00 pm,552.97965,543.0,44.39899,9.979649999999992
10/31/2024 2:44:00 pm,542.7615000000001,543.0,44.42754,-0.23849999999993088
10/31/2024 3:00:00 pm,531.168,543.0,44.46262,-11.831999999999994
10/31/2024 3:14:00 pm,526.2186,543.0,44.47208,-16.781399999999962
10/31/2024 3:30:00 pm,559.43805,543.0,44.38593,16.438049999999976
10/31/2024 3:46:00 pm,544.93035,543.0,44.40762,1.9303499999999758
10/31/2024 4:00:00 pm,539.9238,543.0,44.43489,-3.0761999999999716
10/31/2024 4:14:00 pm,532.458,543.0,44.45175,-10.54200000000003
10/31/2024 4:28:00 pm,525.9168,543.0,44.46958,-17.083200000000033
10/31/2024 4:44:00 pm,559.6263,543.0,44.38335,16.626300000000015
10/31/2024 5:00:00 pm,550.96365,543.0,44.40841,7.96365000000003
10/31/2024 5:14:00 pm,542.37585,543.0,44.43136,-0.624149999999986
10/31/2024 5:30:00 pm,536.5236,543.0,44.44576,-6.476400000000012
10/31/2024 5:46:00 pm,532.4322,543.0,44.45108,-10.567800000000034
10/31/2024 5:58:00 pm,556.5525,543.0,44.3913,13.552500000000009
10/31/2024 6:14:00 pm,550.21905,543.0,44.4006,7.219050000000038
10/31/2024 6:28:00 pm,532.5312,543.0,44.45381,-10.468799999999987
10/31/2024 6:44:00 pm,521.23005,543.0,44.48349,-21.769949999999994
10/31/2024 7:00:00 pm,513.19875,543.0,44.50417,-29.801249999999982
10/31/2024 7:14:00 pm,547.0332000000001,543.0,44.41191,4.033200000000079
10/31/2024 7:30:00 pm,544.50225,543.0,44.43177,1.5022500000000036
10/31/2024 7:46:00 pm,533.7156,543.0,44.45117,-9.284400000000005
10/31/2024 7:58:00 pm,524.8098,543.0,44.4753,-18.190200000000004
10/31/2024 8:14:00 pm,513.16755,543.0,44.50771,-29.832449999999994
10/31/2024 8:30:00 pm,554.961,543.0,44.39487,11.961000000000013
10/31/2024 8:44:00 pm,548.3027999999999,543.0,44.41065,5.302799999999934
10/31/2024 9:00:00 pm,533.895,543.0,44.45106,-9.105000000000018
10/31/2024 9:14:00 pm,527.02815,543.0,44.46939,-15.971850000000018
10/31/2024 9:30:00 pm,519.59655,543.0,44.48921,-23.40345000000002
10/31/2024 9:44:00 pm,550.37205,543.0,44.40714,7.372049999999945
10/31/2024 9:58:00 pm,540.85995,543.0,44.4477,-2.140049999999974
10/31/2024 10:14:00 pm,530.7570000000001,543.0,44.46214,-12.242999999999938
10/31/2024 10:30:00 pm,518.4987,543.0,44.49467,-24.501300000000015
10/31/2024 10:44:00 pm,513.4107,543.0,44.50479,-29.58929999999998
10/31/2024 11:00:00 pm,552.86985,543.0,44.40052,9.869850000000042
10/31/2024 11:16:00 pm,540.43875,543.0,44.43328,-2.5612499999999727
10/31/2024 11:30:00 pm,533.7882,543.0,44.44549,-9.21180000000004
10/31/2024 11:44:00 pm,524.3559,543.0,44.53228,-18.64409999999998
10/31/2024 11:58:00 pm,514.6791,543.0,44.5309,-28.32090000000005
11/01/2024 12:14:00 am,529.8608999999999,543.0,44.45814,-13.139100000000099
11/01/2024 12:30:00 am,532.5912,543.0,44.4599,-10.408800000000042
11/01/2024 12:44:00 am,536.73585,543.0,44.4475,-6.264149999999972
11/01/2024 1:00:00 am,526.1412,543.0,44.47006,-16.858799999999974
11/01/2024 1:16:00 am,516.5116499999999,543.0,44.49282,-26.488350000000082
11/01/2024 1:28:00 am,527.65365,543.0,44.47053,-15.34635000000003
11/01/2024 1:44:00 am,541.4997,543.0,44.42931,-1.5003000000000384
11/01/2024 1:58:00 am,534.5172,543.0,44.43978,-8.482799999999997
11/01/2024 2:14:00 am,525.2873999999999,543.0,44.48587,-17.712600000000066
11/01/2024 2:30:00 am,518.6546999999999,543.0,44.4965,-24.345300000000066
11/01/2024 2:44:00 am,522.1794,543.0,44.47508,-20.820600000000013
11/01/2024 3:00:00 am,541.59885,543.0,44.42805,-1.4011500000000296
11/01/2024 3:16:00 am,541.69455,543.0,44.43161,-1.3054499999999507
11/01/2024 3:28:00 am,527.7723000000001,543.0,44.46878,-15.227699999999913
11/01/2024 3:44:00 am,521.5279499999999,543.0,44.48049,-21.47205000000008
11/01/2024 4:00:00 am,562.0896,543.0,44.36995,19.08960000000002
11/01/2024 4:14:00 am,539.8870499999999,543.0,44.40039,-3.112950000000069
11/01/2024 4:30:00 am,543.3858,543.0,44.4301,0.38580000000001746
11/01/2024 4:44:00 am,533.9856,543.0,44.44624,-9.014400000000023
11/01/2024 5:00:00 am,527.98275,543.0,44.46508,-15.01724999999999
11/01/2024 5:14:00 am,560.4357,543.0,44.3803,17.435699999999997
11/01/2024 5:28:00 am,538.452,543.0,44.43854,-4.548000000000002
11/01/2024 5:44:00 am,544.40895,543.0,44.42303,1.4089500000000044
11/01/2024 6:00:00 am,533.1542999999999,543.0,44.46248,-9.845700000000079
11/01/2024 6:14:00 am,525.5382,543.0,44.47292,-17.46180000000004
11/01/2024 6:30:00 am,550.37265,543.0,44.4071,7.3726500000000215
11/01/2024 6:46:00 am,544.8753,543.0,44.40439,1.8753000000000384
11/01/2024 7:00:00 am,533.0247,543.0,44.4395,-9.975299999999947
11/01/2024 7:14:00 am,532.84425,543.0,44.46048,-10.155750000000012
11/01/2024 7:28:00 am,564.81975,543.0,44.3686,21.81975
11/01/2024 7:44:00 am,552.2472,543.0,44.4021,9.24720000000002
11/01/2024 8:00:00 am,548.5281,543.0,44.41224,5.528099999999995
11/01/2024 8:14:00 am,536.30475,543.0,44.44165,-6.695249999999987
11/01/2024 8:30:00 am,529.20705,543.0,44.46025,-13.792950000000019
11/01/2024 8:46:00 am,559.9605,543.0,44.38623,16.960500000000025
11/01/2024 8:58:00 am,555.1043999999999,543.0,44.40616,12.104399999999941
11/01/2024 9:14:00 am,534.73875,543.0,44.44701,-8.261250000000018
11/01/2024 9:28:00 am,534.9936,543.0,44.45326,-8.006399999999985
11/01/2024 9:44:00 am,510.61980000000005,543.0,44.51159,-32.380199999999945
11/01/2024 10:00:00 am,547.0071,543.0,44.41728,4.007100000000037
11/01/2024 10:14:00 am,506.2011,543.0,44.5238,-36.7989
11/01/2024 10:30:00 am,479.0652,543.0,45.99658,-63.934799999999996
11/01/2024 10:46:00 am,486.1887,543.0,49.81952,-56.81130000000002
11/01/2024 10:58:00 am,519.3661500000001,543.0,50.30236,-23.63384999999994
11/01/2024 11:14:00 am,494.5146,543.0,50.36288,-48.48540000000003
11/01/2024 11:30:00 am,512.3877,543.0,50.89892,-30.612300000000005
11/01/2024 11:44:00 am,508.5879,543.0,50.93899,-34.41210000000001
11/01/2024 12:00:00 pm,500.92140000000006,543.0,51.53749,-42.07859999999994
11/01/2024 12:14:00 pm,505.38495,543.0,52.12703,-37.61505
11/01/2024 12:30:00 pm,502.7286,543.0,53.59671,-40.27140000000003
11/01/2024 12:44:00 pm,487.75035,543.0,54.21635,-55.249649999999974
11/01/2024 12:58:00 pm,509.7777,543.0,55.6423,-33.22230000000002
11/01/2024 1:14:00 pm,510.75659999999993,543.0,58.43777,-32.243400000000065
11/01/2024 1:30:00 pm,479.13105,543.0,66.12701,-63.868949999999984
11/01/2024 1:44:00 pm,0.0,543.0,100.0,-543.0
11/01/2024 2:00:00 pm,0.0,543.0,100.0,-543.0
11/01/2024 2:44:00 pm,607.07475,543.0,47.78658,64.07475
11/01/2024 2:58:00 pm,557.4297,543.0,45.71022,14.429700000000025
11/01/2024 3:14:00 pm,537.7002,543.0,45.76697,-5.299800000000005
11/01/2024 3:30:00 pm,522.9849,543.0,45.80622,-20.01509999999996
11/01/2024 3:44:00 pm,516.3738,543.0,45.82545,-26.62620000000004
11/01/2024 4:00:00 pm,516.9843000000001,543.0,45.82498,-26.015699999999924
11/01/2024 4:16:00 pm,514.76385,543.0,45.8281,-28.236149999999952
11/01/2024 4:28:00 pm,525.2778000000001,543.0,45.80485,-17.72219999999993
11/01/2024 4:44:00 pm,499.89705,543.0,45.85911,-43.10295000000002
11/01/2024 4:58:00 pm,496.3932,543.0,47.95742,-46.60680000000002
11/01/2024 5:14:00 pm,525.0153,543.0,47.88861,-17.984699999999975
11/01/2024 5:30:00 pm,531.49065,543.0,47.86526,-11.50935000000004
11/01/2024 5:44:00 pm,530.78595,543.0,47.86949,-12.214050000000043
11/01/2024 6:00:00 pm,517.9272000000001,543.0,47.89279,-25.072799999999916
11/01/2024 6:16:00 pm,528.1278,543.0,50.97045,-14.87220000000002
11/01/2024 6:28:00 pm,561.5024999999999,543.0,50.90991,18.50249999999994
11/01/2024 6:44:00 pm,554.2573500000001,543.0,50.89999,11.257350000000088
11/01/2024 7:00:00 pm,558.7617,543.0,50.88442,15.761700000000019
11/01/2024 7:14:00 pm,584.5032,543.0,46.84387,41.50319999999999
11/01/2024 7:30:00 pm,544.9716,543.0,46.92785,1.9715999999999667
11/01/2024 7:44:00 pm,552.47055,543.0,46.90042,9.470550000000003
11/01/2024 8:00:00 pm,555.73275,543.0,46.87458,12.73275000000001
11/01/2024 8:14:00 pm,561.3243,543.0,46.9108,18.324299999999994
11/01/2024 8:28:00 pm,551.11275,543.0,46.08385,8.112750000000005
11/01/2024 8:44:00 pm,522.7085999999999,543.0,46.08385,-20.291400000000067
11/01/2024 9:00:00 pm,526.88685,543.0,46.15486,-16.11315000000002
11/01/2024 9:14:00 pm,526.88685,543.0,46.16428,-16.11315000000002
11/01/2024 9:30:00 pm,567.64905,543.0,46.16428,24.64904999999999
11/01/2024 9:46:00 pm,567.64905,543.0,45.81068,24.64904999999999
11/01/2024 10:00:00 pm,526.45365,543.0,45.81068,-16.54634999999996
11/01/2024 10:14:00 pm,521.22345,543.0,45.88171,-21.776550000000043
11/01/2024 10:28:00 pm,517.0158,543.0,45.89699,-25.984199999999987
11/01/2024 10:44:00 pm,567.67125,543.0,45.48336,24.671249999999986
11/01/2024 11:00:00 pm,544.3905,543.0,45.55453,1.3904999999999745
11/01/2024 11:14:00 pm,527.42985,543.0,45.55453,-15.570150000000012
11/01/2024 11:30:00 pm,517.37415,543.0,45.55453,-25.625850000000014
11/01/2024 11:58:00 pm,552.2853,543.0,45.26376,9.285300000000007
11/02/2024 12:28:00 am,526.9151999999999,543.0,45.32938,-16.084800000000087
11/02/2024 12:44:00 am,565.5552,543.0,44.96767,22.555200000000013
11/02/2024 1:00:00 am,543.57705,543.0,45.01677,0.5770499999999856
11/02/2024 1:14:00 am,525.52485,543.0,45.06576,-17.475149999999985
11/02/2024 1:30:00 am,515.9805,543.0,45.09512,-27.019499999999994
11/02/2024 1:46:00 am,578.50695,543.0,44.92857,35.50694999999996
11/02/2024 1:58:00 am,556.37505,543.0,44.98051,13.375049999999987
11/02/2024 2:14:00 am,540.8824500000001,543.0,45.02814,-2.1175499999999374
11/02/2024 2:30:00 am,534.1443,543.0,45.04396,-8.855699999999956
11/02/2024 2:44:00 am,524.52015,543.0,45.06615,-18.479850000000056
11/02/2024 3:00:00 am,561.7212,543.0,44.96761,18.721199999999953
11/02/2024 3:14:00 am,551.22885,543.0,44.99721,8.228849999999966
11/02/2024 3:30:00 am,526.7664,543.0,45.05818,-16.233600000000024
11/02/2024 3:44:00 am,516.5907,543.0,45.08899,-26.40930000000003
11/02/2024 3:58:00 am,543.981,543.0,45.01851,0.9809999999999945
11/02/2024 4:14:00 am,556.3128,543.0,44.97501,13.312800000000038
11/02/2024 4:30:00 am,531.9856500000001,543.0,45.02785,-11.014349999999922
11/02/2024 4:44:00 am,528.4178999999999,543.0,45.04961,-14.582100000000082
11/02/2024 5:00:00 am,526.1571,543.0,45.06371,-16.842899999999986
11/02/2024 5:16:00 am,574.9390500000001,543.0,44.93193,31.939050000000066
11/02/2024 5:30:00 am,560.3166,543.0,44.97598,17.316599999999994
11/02/2024 5:44:00 am,539.2074,543.0,45.02998,-3.792599999999993
11/02/2024 5:58:00 am,527.78775,543.0,45.0579,-15.21225000000004
11/02/2024 6:14:00 am,520.59495,543.0,45.08462,-22.40504999999996
11/02/2024 6:30:00 am,514.467,543.0,45.09241,-28.533000000000015
11/02/2024 6:44:00 am,546.30135,543.0,44.99909,3.3013499999999567
11/02/2024 7:00:00 am,529.2939,543.0,45.05429,-13.706099999999992
11/02/2024 7:16:00 am,515.89665,543.0,45.08435,-27.103349999999978
11/02/2024 7:28:00 am,508.6305,543.0,45.1101,-34.369500000000016
11/02/2024 7:44:00 am,525.948,543.0,45.35163,-17.05200000000002
11/02/2024 7:58:00 am,557.30745,543.0,45.26552,14.307450000000017
11/02/2024 8:14:00 am,541.41255,543.0,45.30465,-1.5874499999999898
11/02/2024 8:30:00 am,525.24015,543.0,45.35168,-17.75985000000003
11/02/2024 8:44:00 am,507.51,543.0,45.39426,-35.49000000000001
11/02/2024 9:00:00 am,577.15215,543.0,45.2141,34.152150000000006
11/02/2024 9:16:00 am,563.6433,543.0,45.24629,20.643299999999954
11/02/2024 9:28:00 am,546.06225,543.0,45.3059,3.062249999999949
11/02/2024 9:44:00 am,531.9393,543.0,45.33771,-11.060699999999997
11/02/2024 10:00:00 am,524.93505,543.0,45.37252,-18.064949999999953
11/02/2024 10:14:00 am,574.8268499999999,543.0,45.22085,31.826849999999922
11/02/2024 10:30:00 am,557.26635,543.0,45.26654,14.266349999999989
11/02/2024 10:44:00 am,543.99195,543.0,45.30425,0.9919499999999744
11/02/2024 11:00:00 am,531.8451,543.0,45.33769,-11.154899999999998
11/02/2024 11:14:00 am,540.4089,543.0,45.30419,-2.591099999999983
11/02/2024 11:28:00 am,568.28385,543.0,45.22894,25.28385000000003
11/02/2024 11:44:00 am,541.4364,543.0,45.3069,-1.5635999999999513
11/02/2024 12:00:00 pm,530.9531999999999,543.0,45.33689,-12.046800000000076
11/02/2024 12:14:00 pm,522.4092,543.0,45.35572,-20.590799999999945
11/02/2024 12:30:00 pm,512.73915,543.0,45.38278,-30.260850000000005
11/02/2024 12:46:00 pm,550.47975,543.0,45.3177,7.479749999999967
11/02/2024 1:00:00 pm,531.09375,543.0,45.33704,-11.90625
11/02/2024 1:14:00 pm,525.95565,543.0,45.35075,-17.04435000000001
11/02/2024 1:28:00 pm,500.63835,543.0,45.36779,-42.36165
11/02/2024 1:44:00 pm,502.1853,543.0,45.41294,-40.814700000000016
11/02/2024 2:00:00 pm,568.5550499999999,543.0,45.50518,25.555049999999937
11/02/2024 2:14:00 pm,539.75265,543.0,45.58588,-3.247349999999983
11/02/2024 2:30:00 pm,519.654,543.0,45.63883,-23.346000000000004
11/02/2024 2:46:00 pm,514.62195,543.0,45.64962,-28.37805000000003
11/02/2024 3:00:00 pm,501.58215,543.0,45.68162,-41.41784999999999
11/02/2024 3:14:00 pm,516.5412,543.0,45.92996,-26.458799999999997
11/02/2024 3:28:00 pm,548.5835999999999,543.0,45.85574,5.583599999999933
11/02/2024 3:44:00 pm,530.73375,543.0,45.89848,-12.266250000000014
11/02/2024 4:00:00 pm,510.4455,543.0,45.94624,-32.55450000000002
11/02/2024 4:14:00 pm,500.14815,543.0,46.24292,-42.85185000000001
11/02/2024 4:30:00 pm,485.628,543.0,48.36282,-57.372000000000014
11/02/2024 4:46:00 pm,560.2689,543.0,50.1375,17.26890000000003
11/02/2024 4:58:00 pm,552.51585,543.0,50.14921,9.51585
11/02/2024 5:14:00 pm,539.8580999999999,543.0,50.17553,-3.141900000000078
11/02/2024 5:30:00 pm,523.74045,543.0,50.21736,-19.25954999999999
11/02/2024 5:44:00 pm,495.49305,543.0,50.29267,-47.50695000000002
11/02/2024 6:00:00 pm,507.92055,543.0,50.29652,-35.07945000000001
11/02/2024 6:16:00 pm,568.5436500000001,543.0,50.09626,25.54365000000007
11/02/2024 6:30:00 pm,553.0734,543.0,50.13675,10.073399999999992
11/02/2024 6:44:00 pm,537.85155,543.0,50.18803,-5.148450000000025
11/02/2024 6:58:00 pm,525.738,543.0,50.20852,-17.261999999999944
11/02/2024 7:14:00 pm,506.49525,543.0,50.28222,-36.50475
11/02/2024 7:30:00 pm,514.3776,543.0,50.51699,-28.62239999999997
11/02/2024 7:44:00 pm,497.23665000000005,543.0,51.11037,-45.763349999999946
11/02/2024 8:00:00 pm,501.2682,543.0,51.68842,-41.73180000000002
11/02/2024 8:16:00 pm,520.9524,543.0,52.22967,-22.04759999999999
11/02/2024 8:30:00 pm,524.45835,543.0,52.2105,-18.541650000000004
11/02/2024 8:44:00 pm,499.6032,543.0,52.83322,-43.396799999999985
11/02/2024 8:58:00 pm,498.40695,543.0,53.74363,-44.593050000000005
11/02/2024 9:14:00 pm,487.77165,543.0,54.63677,-55.22834999999998
11/02/2024 9:30:00 pm,518.24325,543.0,57.22775,-24.75675000000001
11/02/2024 9:44:00 pm,580.88805,543.0,45.54921,37.88805000000002
11/02/2024 10:00:00 pm,549.7782,543.0,45.12656,6.77819999999997
11/02/2024 10:16:00 pm,507.6726,543.0,45.23597,-35.32740000000001
11/02/2024 10:28:00 pm,501.94125,543.0,45.25837,-41.058749999999975
11/02/2024 10:44:00 pm,507.2016,543.0,45.24811,-35.798400000000015
11/02/2024 10:58:00 pm,500.25945,543.0,45.54603,-42.740549999999985
11/02/2024 11:14:00 pm,504.86085,543.0,45.53405,-38.13914999999997
11/02/2024 11:30:00 pm,507.8889,543.0,45.53033,-35.11110000000002
11/02/2024 11:44:00 pm,516.50805,543.0,45.50951,-26.491949999999974
11/03/2024 12:00:00 am,505.67115,543.0,50.57343,-37.32884999999999
11/03/2024 12:16:00 am,510.8148,543.0,50.56116,-32.18520000000001
11/03/2024 12:28:00 am,524.3298,543.0,50.52049,-18.670200000000023
11/03/2024 12:44:00 am,522.5394,543.0,50.52399,-20.4606
11/03/2024 1:00:00 am,549.9671999999999,543.0,50.45528,6.967199999999934
11/03/2024 1:14:00 am,497.6523,543.0,50.58996,-45.347699999999975
11/03/2024 1:30:00 am,509.36385,543.0,50.8644,-33.63614999999999
11/03/2024 1:46:00 am,525.8451,543.0,50.8181,-17.154899999999998
11/03/2024 2:00:00 am,513.35145,543.0,51.14571,-29.64855
11/03/2024 2:14:00 am,492.6243,543.0,51.18159,-50.375699999999995
11/03/2024 2:30:00 am,562.9053,543.0,50.99078,19.90530000000001
11/03/2024 2:46:00 am,544.40505,543.0,51.04427,1.4050499999999602
11/03/2024 3:00:00 am,521.73825,543.0,51.10007,-21.261750000000006
11/03/2024 3:14:00 am,514.9713,543.0,51.14229,-28.028699999999958
11/03/2024 3:32:00 am,522.64545,543.0,51.09397,-20.354550000000017
11/03/2024 3:44:00 am,581.5911,543.0,45.88813,38.59109999999998
11/03/2024 4:00:00 am,554.27145,543.0,45.96754,11.271449999999959
11/03/2024 4:14:00 am,534.3756000000001,543.0,46.0138,-8.624399999999923
11/03/2024 4:30:00 am,528.25665,543.0,46.0332,-14.743349999999964
11/03/2024 4:46:00 am,605.02305,543.0,45.28056,62.02305000000001
11/03/2024 4:58:00 am,542.7177,543.0,45.44196,-0.2822999999999638
11/03/2024 5:14:00 am,524.24145,543.0,45.49268,-18.758550000000014
11/03/2024 5:30:00 am,519.4368,543.0,45.50717,-23.56320000000005
11/03/2024 5:44:00 am,585.7167,543.0,45.32781,42.716699999999946
11/03/2024 6:00:00 am,557.8485000000001,543.0,45.4026,14.848500000000058
11/03/2024 6:14:00 am,534.3571499999999,543.0,45.46075,-8.642850000000067
11/03/2024 6:30:00 am,531.0645,543.0,45.53638,-11.935500000000047
11/03/2024 6:44:00 am,589.52355,543.0,45.3154,46.52355
11/03/2024 6:58:00 am,561.3579,543.0,45.39259,18.357899999999972
11/03/2024 7:14:00 am,541.30125,543.0,45.44843,-1.6987500000000182
11/03/2024 7:30:00 am,534.99135,543.0,45.47672,-8.008649999999989
11/03/2024 7:44:00 am,571.4022,543.0,45.33365,28.402199999999993
11/03/2024 8:00:00 am,556.68495,543.0,45.4007,13.684949999999958
11/03/2024 8:16:00 am,543.6246,543.0,45.44448,0.6245999999999867
11/03/2024 8:30:00 am,546.91455,543.0,45.44075,3.914549999999963
11/03/2024 8:44:00 am,555.4002,543.0,45.40921,12.40020000000004
11/03/2024 8:58:00 am,570.1203,543.0,45.10887,27.120300000000043
11/03/2024 9:14:00 am,561.5613,543.0,45.11847,18.56129999999996
11/03/2024 9:30:00 am,543.1306500000001,543.0,45.17143,0.13065000000005966
11/03/2024 9:44:00 am,546.5459999999999,543.0,45.16,3.5459999999999354
11/03/2024 10:00:00 am,519.6225000000001,543.0,45.2325,-23.37749999999994
11/03/2024 10:16:00 am,554.66355,543.0,45.13925,11.663549999999987
11/03/2024 10:30:00 am,531.1629,543.0,45.20107,-11.837099999999964
11/03/2024 10:44:00 am,518.9598000000001,543.0,45.23412,-24.040199999999913
11/03/2024 10:58:00 am,517.3344,543.0,45.24451,-25.66560000000004
11/03/2024 11:14:00 am,519.0168,543.0,45.24604,-23.98320000000001
11/03/2024 11:30:00 am,564.4935,543.0,45.11248,21.49350000000004
11/03/2024 11:44:00 am,540.0471,543.0,45.17698,-2.9528999999999996
11/03/2024 12:00:00 pm,524.14995,543.0,45.22112,-18.85005000000001
11/03/2024 12:16:00 pm,522.77955,543.0,45.22491,-20.220450000000028
11/03/2024 12:28:00 pm,559.5627000000001,543.0,45.12011,16.562700000000063
11/03/2024 12:44:00 pm,544.91715,543.0,45.16753,1.9171499999999924
11/03/2024 1:00:00 pm,522.22695,543.0,45.22787,-20.773050000000012
11/03/2024 1:14:00 pm,521.2599,543.0,45.22885,-21.740099999999984
11/03/2024 1:30:00 pm,518.49555,543.0,45.23884,-24.50445000000002
11/03/2024 1:44:00 pm,560.9068500000001,543.0,45.11899,17.906850000000077
11/03/2024 2:00:00 pm,542.3235,543.0,45.17493,-0.6765000000000327
11/03/2024 2:14:00 pm,527.44455,543.0,45.2101,-15.55544999999995
11/03/2024 2:28:00 pm,522.6012000000001,543.0,45.22361,-20.398799999999937
11/03/2024 2:44:00 pm,538.7664,543.0,45.18758,-4.233600000000024
11/03/2024 3:00:00 pm,536.61825,543.0,45.18509,-6.381750000000011
11/03/2024 3:14:00 pm,524.2167,543.0,45.22223,-18.783300000000054
11/03/2024 3:30:00 pm,512.3430000000001,543.0,45.2546,-30.656999999999925
11/03/2024 3:46:00 pm,497.75700000000006,543.0,45.90023,-45.24299999999994
11/03/2024 4:00:00 pm,496.20435,543.0,46.9798,-46.79565000000002
11/03/2024 4:14:00 pm,530.4126,543.0,47.1743,-12.587400000000002
11/03/2024 4:28:00 pm,518.8506,543.0,47.19814,-24.149400000000014
11/03/2024 4:44:00 pm,505.70025,543.0,47.26424,-37.29975000000002
11/03/2024 5:00:00 pm,500.4009,543.0,47.52187,-42.59910000000002
11/03/2024 5:14:00 pm,488.8578,543.0,47.80735,-54.1422
11/03/2024 5:30:00 pm,547.63755,543.0,47.94075,4.637550000000033
11/03/2024 5:46:00 pm,532.3408499999999,543.0,47.98154,-10.659150000000068
11/03/2024 5:58:00 pm,516.8068499999999,543.0,48.02772,-26.19315000000006
11/03/2024 6:14:00 pm,497.56995,543.0,48.34171,-45.430049999999994
11/03/2024 6:28:00 pm,505.4586,543.0,48.59604,-37.54140000000001
11/03/2024 6:44:00 pm,548.3124,543.0,48.48431,5.312400000000025
11/03/2024 7:00:00 pm,532.50135,543.0,48.52655,-10.498649999999998
11/03/2024 7:14:00 pm,518.26845,543.0,48.5619,-24.73154999999997
11/03/2024 7:30:00 pm,515.5797,543.0,48.56906,-27.420299999999997
11/03/2024 7:46:00 pm,504.8571,543.0,48.59532,-38.1429
11/03/2024 7:58:00 pm,561.8703,543.0,48.44236,18.870300000000043
11/03/2024 8:14:00 pm,536.87775,543.0,48.5289,-6.122250000000008
11/03/2024 8:30:00 pm,530.30325,543.0,48.53143,-12.696749999999952
11/03/2024 8:44:00 pm,528.14445,543.0,48.50299,-14.855549999999994
11/03/2024 9:00:00 pm,534.6026999999999,543.0,48.52103,-8.397300000000087
11/03/2024 9:14:00 pm,555.1104,543.0,48.46711,12.110400000000027
11/03/2024 9:30:00 pm,552.0495000000001,543.0,48.47992,9.04950000000008
11/03/2024 9:44:00 pm,542.04045,543.0,48.50512,-0.9595500000000357
11/03/2024 9:58:00 pm,536.2068,543.0,48.51185,-6.793199999999956
11/03/2024 10:14:00 pm,584.32335,543.0,48.38885,41.323350000000005
11/03/2024 10:30:00 pm,564.80535,543.0,48.43473,21.805349999999976
11/03/2024 10:44:00 pm,551.2857,543.0,48.47052,8.28570000000002
11/03/2024 11:00:00 pm,535.2543000000001,543.0,48.50866,-7.7456999999999425
11/03/2024 11:16:00 pm,563.7723000000001,543.0,48.44466,20.772300000000087
11/03/2024 11:30:00 pm,567.93975,543.0,48.43311,24.939750000000004
11/03/2024 11:44:00 pm,561.00645,543.0,48.46515,18.006449999999973
11/03/2024 11:58:00 pm,544.85625,543.0,48.48067,1.8562500000000455
11/04/2024 12:14:00 am,539.5203,543.0,48.50217,-3.47969999999998
11/04/2024 12:30:00 am,596.784,543.0,48.35249,53.78399999999999
11/04/2024 12:44:00 am,567.38595,543.0,48.41474,24.38594999999998
11/04/2024 1:00:00 am,561.9126,543.0,48.44249,18.912599999999998
11/04/2024 1:16:00 am,569.5119,543.0,48.41862,26.51189999999997
11/04/2024 1:28:00 am,557.5477500000001,543.0,48.44144,14.547750000000065
11/04/2024 1:44:00 am,584.1561,543.0,48.37926,41.15610000000004
11/04/2024 1:58:00 am,563.2426499999999,543.0,48.44101,20.242649999999912
11/04/2024 2:14:00 am,551.2412999999999,543.0,48.47587,8.24129999999991
11/04/2024 2:30:00 am,543.4281,543.0,48.49706,0.42809999999997217
11/04/2024 2:44:00 am,533.8845,543.0,48.51442,-9.115499999999997
11/04/2024 3:00:00 am,576.83265,543.0,45.24881,33.832649999999944
11/04/2024 3:16:00 am,556.1961,543.0,45.30029,13.196100000000001
11/04/2024 3:28:00 am,545.4925499999999,543.0,45.33076,2.4925499999999374
11/04/2024 3:44:00 am,531.6552,543.0,45.36765,-11.344799999999964
11/04/2024 4:00:00 am,517.7647499999999,543.0,45.40186,-25.235250000000065
11/04/2024 4:14:00 am,570.3326999999999,543.0,45.26251,27.33269999999993
11/04/2024 4:30:00 am,552.11595,543.0,45.31102,9.115949999999998
11/04/2024 4:44:00 am,544.66305,543.0,45.32977,1.6630499999999984
11/04/2024 5:00:00 am,532.62255,543.0,45.37751,-10.377449999999953
11/04/2024 5:14:00 am,513.7419,543.0,45.41756,-29.258100000000013
11/04/2024 5:28:00 am,571.7592,543.0,45.25517,28.759199999999964
11/04/2024 5:44:00 am,555.9066,543.0,45.3014,12.906600000000026
11/04/2024 6:00:00 am,553.9974,543.0,45.30816,10.99739999999997
11/04/2024 6:14:00 am,539.79615,543.0,45.3447,-3.2038499999999885
11/04/2024 6:30:00 am,527.1107999999999,543.0,45.3951,-15.889200000000073
11/04/2024 6:46:00 am,588.70065,543.0,45.21645,45.700649999999996
11/04/2024 7:00:00 am,563.6433,543.0,45.28114,20.643299999999954
11/04/2024 7:16:00 am,562.3632,543.0,45.28387,19.363200000000006
11/04/2024 7:28:00 am,550.80135,543.0,45.31602,7.801349999999957
11/04/2024 7:44:00 am,527.6949,543.0,45.39014,-15.305100000000039
11/04/2024 8:00:00 am,587.9343,543.0,45.21858,44.93430000000001
11/04/2024 8:14:00 am,567.7117499999999,543.0,45.2751,24.711749999999938
11/04/2024 8:30:00 am,539.1461999999999,543.0,45.34265,-3.853800000000092
11/04/2024 8:46:00 am,515.0935499999999,543.0,45.40733,-27.906450000000063
11/04/2024 8:58:00 am,476.38005,543.0,45.76357,-66.61995000000002
11/04/2024 9:14:00 am,510.11085,543.0,50.4033,-32.88914999999997
11/04/2024 9:28:00 am,496.78365,543.0,50.43511,-46.21634999999998
11/04/2024 9:44:00 am,507.57915,543.0,50.72245,-35.42084999999997
11/04/2024 10:00:00 am,505.88805,543.0,51.02652,-37.11194999999998
11/04/2024 10:14:00 am,611.36115,543.0,48.7542,68.36114999999995
11/04/2024 10:30:00 am,564.3642,543.0,45.10574,21.364199999999983
11/04/2024 10:46:00 am,550.2843,543.0,45.14709,7.28430000000003
11/04/2024 10:58:00 am,533.3601,543.0,45.19249,-9.639900000000011
11/04/2024 11:14:00 am,540.56385,543.0,45.17329,-2.436149999999998
11/04/2024 11:30:00 am,540.57285,543.0,45.17775,-2.4271499999999833
11/04/2024 11:44:00 am,563.6365499999999,543.0,45.11083,20.636549999999943
11/04/2024 12:00:00 pm,529.53075,543.0,45.20321,-13.469249999999988
11/04/2024 12:14:00 pm,526.57365,543.0,45.21619,-16.426349999999957
11/04/2024 12:30:00 pm,520.9857,543.0,45.21997,-22.01430000000005
11/04/2024 12:44:00 pm,521.27715,543.0,45.22414,-21.722849999999994
11/04/2024 12:58:00 pm,547.4149500000001,543.0,45.1476,4.41495000000009
11/04/2024 1:14:00 pm,528.98685,543.0,45.21089,-14.013149999999996
11/04/2024 1:30:00 pm,527.2030500000001,543.0,45.21436,-15.796949999999924
11/04/2024 1:44:00 pm,514.94625,543.0,45.24397,-28.053750000000036
11/04/2024 2:00:00 pm,510.7053,543.0,45.25291,-32.29469999999998
11/04/2024 2:16:00 pm,555.07185,543.0,45.13929,12.07185000000004
11/04/2024 2:30:00 pm,531.0708,543.0,45.19434,-11.929200000000037
11/04/2024 2:44:00 pm,528.15855,543.0,45.21165,-14.841450000000009
11/04/2024 2:58:00 pm,521.6349,543.0,45.21252,-21.365099999999984
11/04/2024 3:14:00 pm,521.5425,543.0,45.21947,-21.457499999999982
11/04/2024 3:30:00 pm,550.9512,543.0,45.14441,7.951199999999972
11/04/2024 3:44:00 pm,542.31825,543.0,45.16341,-0.6817499999999654
11/04/2024 4:00:00 pm,528.3281999999999,543.0,45.21901,-14.671800000000076
11/04/2024 4:16:00 pm,523.3563,543.0,45.22744,-19.643699999999967
11/04/2024 4:28:00 pm,537.32325,543.0,45.18265,-5.67674999999997
11/04/2024 4:44:00 pm,540.45135,543.0,45.17131,-2.5486499999999523
11/04/2024 4:58:00 pm,532.96635,543.0,45.18427,-10.033649999999966
11/04/2024 5:14:00 pm,529.0275,543.0,45.20543,-13.972499999999968
11/04/2024 5:30:00 pm,515.9037,543.0,45.23374,-27.096300000000042
11/04/2024 5:44:00 pm,493.59495,543.0,45.25274,-49.40505000000002
11/04/2024 6:00:00 pm,567.53925,543.0,45.09518,24.539250000000038
11/04/2024 6:16:00 pm,546.09915,543.0,45.15347,3.0991500000000087
11/04/2024 6:28:00 pm,533.0379,543.0,45.20422,-9.962099999999964
11/04/2024 6:44:00 pm,523.5846,543.0,45.20886,-19.415399999999977
11/04/2024 7:00:00 pm,515.3565000000001,543.0,45.29563,-27.643499999999904
11/04/2024 7:14:00 pm,583.25295,543.0,45.08025,40.252950000000055
11/04/2024 7:30:00 pm,551.12355,543.0,45.14512,8.123550000000023
11/04/2024 7:44:00 pm,550.28505,543.0,45.14655,7.285049999999956
11/04/2024 8:00:00 pm,530.2982999999999,543.0,45.20064,-12.701700000000073
11/04/2024 8:14:00 pm,518.63625,543.0,45.23117,-24.363749999999982
11/04/2024 8:28:00 pm,589.72545,543.0,45.04521,46.72545000000002
11/04/2024 8:44:00 pm,562.4709,543.0,45.11764,19.47090000000003
11/04/2024 9:00:00 pm,559.47705,543.0,45.12328,16.477049999999963
11/04/2024 9:14:00 pm,540.40245,543.0,45.20755,-2.5975499999999556
11/04/2024 9:30:00 pm,530.1234,543.0,45.20028,-12.876600000000053
11/04/2024 9:46:00 pm,576.01125,543.0,44.80495,33.01125000000002
11/04/2024 10:00:00 pm,489.81315,543.0,45.03023,-53.18684999999999
11/04/2024 10:14:00 pm,507.7683,543.0,50.65321,-35.23169999999999
11/04/2024 10:28:00 pm,505.84005,543.0,51.25191,-37.15994999999998
11/04/2024 10:44:00 pm,503.16975,543.0,51.84295,-39.83024999999998
11/04/2024 11:00:00 pm,538.332,543.0,51.7461,-4.668000000000006
11/04/2024 11:14:00 pm,547.86165,543.0,51.72191,4.861650000000054
11/04/2024 11:30:00 pm,555.7941000000001,543.0,51.70028,12.794100000000071
11/04/2024 11:46:00 pm,533.712,543.0,51.76292,-9.288000000000011
11/04/2024 11:58:00 pm,517.0905,543.0,51.79668,-25.90949999999998
11/05/2024 12:14:00 am,551.1549,543.0,51.71643,8.154899999999998
11/05/2024 12:28:00 am,523.24605,543.0,46.74237,-19.75395000000003
11/05/2024 12:44:00 am,482.08395,543.0,47.69152,-60.916049999999984
11/05/2024 1:00:00 am,505.6752,543.0,52.89703,-37.32479999999998
11/05/2024 1:14:00 am,568.78305,543.0,52.72753,25.783050000000003
11/05/2024 1:30:00 am,583.9097999999999,543.0,52.68908,40.909799999999905
11/05/2024 1:46:00 am,594.2727,543.0,46.93943,51.272699999999986
11/05/2024 1:58:00 am,560.91975,543.0,45.66235,17.919750000000022
11/05/2024 2:14:00 am,555.5745,543.0,45.68824,12.574499999999944
11/05/2024 2:30:00 am,539.5582499999999,543.0,45.73547,-3.44175000000007
11/05/2024 2:44:00 am,528.7377,543.0,45.74623,-14.262299999999982
11/05/2024 3:00:00 am,528.399,543.0,45.7575,-14.600999999999999
11/05/2024 3:14:00 am,585.7534499999999,543.0,45.61111,42.75344999999993
11/05/2024 3:30:00 am,549.94245,543.0,45.43287,6.942450000000008
11/05/2024 3:44:00 am,534.4150500000001,543.0,45.47546,-8.584949999999935
11/05/2024 3:58:00 am,518.61075,543.0,45.51014,-24.389249999999947
11/05/2024 4:14:00 am,506.5146,543.0,45.53544,-36.48540000000003
11/05/2024 4:30:00 am,498.28485,543.0,45.85441,-44.715149999999994
11/05/2024 4:44:00 am,546.8034,543.0,45.72582,3.8034000000000106
11/05/2024 5:00:00 am,530.63055,543.0,45.76952,-12.369450000000029
11/05/2024 5:16:00 am,519.28545,543.0,45.80178,-23.71455000000003
11/05/2024 5:30:00 am,503.05395,543.0,45.84323,-39.946050000000014
11/05/2024 5:44:00 am,495.6801,543.0,48.12525,-47.31990000000002
11/05/2024 6:00:00 am,488.36625,543.0,50.5652,-54.63375000000002
11/05/2024 6:14:00 am,588.21375,543.0,47.30533,45.213750000000005
11/05/2024 6:30:00 am,544.79745,543.0,47.41785,1.7974500000000262
11/05/2024 6:44:00 am,517.77855,543.0,47.46509,-25.221450000000004
11/05/2024 7:00:00 am,512.23125,543.0,47.49937,-30.768749999999955
11/05/2024 7:16:00 am,506.30445,543.0,47.5257,-36.695550000000026
11/05/2024 7:28:00 am,511.42935,543.0,47.50406,-31.57065
11/05/2024 7:44:00 am,557.16135,543.0,47.37489,14.16134999999997
11/05/2024 7:58:00 am,536.11305,543.0,47.43889,-6.886949999999956
11/05/2024 8:14:00 am,520.4514,543.0,47.48595,-22.548599999999965
11/05/2024 8:30:00 am,507.80505,543.0,47.5148,-35.194950000000006
11/05/2024 8:44:00 am,495.7305,543.0,48.37986,-47.269499999999994
11/05/2024 9:00:00 am,576.6171,543.0,48.74702,33.61710000000005
11/05/2024 9:16:00 am,532.6251,543.0,48.85725,-10.374900000000025
11/05/2024 9:28:00 am,524.44455,543.0,48.87698,-18.55544999999995
11/05/2024 9:44:00 am,490.25805,543.0,48.96925,-52.741949999999974
11/05/2024 10:00:00 am,518.08785,543.0,51.42574,-24.912149999999997
11/05/2024 10:14:00 am,541.93245,543.0,51.36011,-1.067549999999983
11/05/2024 10:30:00 am,544.9845,543.0,46.46827,1.9845000000000255
11/05/2024 10:44:00 am,536.51445,543.0,46.48176,-6.485549999999989
11/05/2024 11:00:00 am,509.4177,543.0,46.56682,-33.582299999999975
11/05/2024 11:14:00 am,494.7261,543.0,47.46842,-48.273900000000026
11/05/2024 11:28:00 am,496.7025,543.0,49.16146,-46.297500000000014
11/05/2024 11:44:00 am,560.58045,543.0,48.97578,17.58045000000004
11/05/2024 12:00:00 pm,531.96525,543.0,49.05726,-11.034750000000031
11/05/2024 12:14:00 pm,501.69375,543.0,49.16751,-41.30624999999998
11/05/2024 12:30:00 pm,507.91545,543.0,51.7087,-35.08454999999998
11/05/2024 12:46:00 pm,499.7361,543.0,51.72898,-43.26389999999998
11/05/2024 1:00:00 pm,509.02815,543.0,51.70854,-33.97185000000002
11/05/2024 1:14:00 pm,571.8864000000001,543.0,46.189,28.886400000000094
11/05/2024 1:28:00 pm,538.4229,543.0,46.27826,-4.577099999999973
11/05/2024 1:44:00 pm,538.5038999999999,543.0,46.26464,-4.4961000000000695
11/05/2024 2:00:00 pm,567.0213,543.0,46.20691,24.021299999999997
11/05/2024 2:14:00 pm,565.4301,543.0,46.20626,22.43010000000004
11/05/2024 2:30:00 pm,541.74795,543.0,46.25358,-1.2520500000000538
11/05/2024 2:46:00 pm,568.36425,543.0,46.20096,25.36424999999997
11/05/2024 3:00:00 pm,547.0074,543.0,45.62559,4.007399999999961
11/05/2024 3:16:00 pm,538.1979,543.0,45.71019,-4.802099999999996
11/05/2024 3:28:00 pm,525.9393,543.0,45.74765,-17.060699999999997
11/05/2024 3:44:00 pm,516.7218,543.0,45.77237,-26.27819999999997
11/05/2024 4:00:00 pm,509.32605,543.0,45.7809,-33.67394999999999
11/05/2024 4:14:00 pm,559.7631,543.0,45.6432,16.76310000000001
11/05/2024 4:30:00 pm,566.5311,543.0,45.63013,23.531100000000038
11/05/2024 4:46:00 pm,541.4630999999999,543.0,45.69388,-1.5369000000000597
11/05/2024 4:58:00 pm,535.8927,543.0,45.73134,-7.107300000000009
11/05/2024 5:14:00 pm,521.62815,543.0,45.75709,-21.371849999999995
11/05/2024 5:30:00 pm,523.76775,543.0,45.75425,-19.232250000000022
11/05/2024 5:44:00 pm,594.6339,543.0,45.5642,51.63390000000004
11/05/2024 6:00:00 pm,569.30745,543.0,45.62572,26.307450000000017
11/05/2024 6:14:00 pm,557.4792,543.0,45.65442,14.479199999999992
11/05/2024 6:30:00 pm,535.7988,543.0,45.71303,-7.201199999999972
11/05/2024 6:46:00 pm,532.00185,543.0,45.72382,-10.99815000000001
11/05/2024 6:58:00 pm,578.9226,543.0,45.33006,35.92259999999999
11/05/2024 7:14:00 pm,549.4842,543.0,45.40885,6.484199999999987
11/05/2024 7:30:00 pm,541.05105,543.0,45.4326,-1.948949999999968
11/05/2024 7:44:00 pm,527.91315,543.0,45.46043,-15.086850000000027
11/05/2024 8:00:00 pm,515.8182,543.0,45.48954,-27.181799999999953
11/05/2024 8:16:00 pm,563.5752,543.0,45.36349,20.575199999999995
11/05/2024 8:30:00 pm,555.17415,543.0,45.3894,12.174150000000054
11/05/2024 8:44:00 pm,551.76585,543.0,45.40242,8.76585
11/05/2024 8:58:00 pm,538.76145,543.0,45.43536,-4.238550000000032
11/05/2024 9:14:00 pm,529.37955,543.0,45.46115,-13.620450000000005
11/05/2024 9:30:00 pm,582.1764,543.0,45.33398,39.176399999999944
11/05/2024 9:44:00 pm,562.7198999999999,543.0,45.10762,19.71989999999994
11/05/2024 10:00:00 pm,561.34215,543.0,45.11205,18.342149999999947
11/05/2024 10:16:00 pm,544.8819,543.0,45.15137,1.8818999999999733
11/05/2024 10:28:00 pm,529.8051,543.0,45.19426,-13.194899999999961
11/05/2024 10:44:00 pm,532.1361,543.0,45.18253,-10.863899999999944
11/05/2024 10:58:00 pm,571.3755,543.0,45.0914,28.375499999999988
11/05/2024 11:14:00 pm,554.8090500000001,543.0,45.12763,11.80905000000007
11/05/2024 11:30:00 pm,540.7117499999999,543.0,45.16295,-2.288250000000062
11/05/2024 11:44:00 pm,528.8358000000001,543.0,45.19524,-14.164199999999937
11/06/2024 12:00:00 am,514.0614,543.0,45.23442,-28.93859999999995
11/06/2024 12:16:00 am,593.5813499999999,543.0,45.01995,50.58134999999993
11/06/2024 12:28:00 am,565.09995,543.0,45.09275,22.099950000000035
11/06/2024 12:44:00 am,552.87405,543.0,45.12908,9.874050000000011
11/06/2024 1:00:00 am,531.97605,543.0,45.19029,-11.023950000000013
11/06/2024 1:14:00 am,514.0851,543.0,45.2338,-28.91489999999999
11/06/2024 1:30:00 am,556.75665,543.0,45.12001,13.756650000000036
11/06/2024 1:46:00 am,555.2241,543.0,45.12569,12.224100000000021
11/06/2024 2:00:00 am,548.6172,543.0,45.13665,5.617200000000025
11/06/2024 2:14:00 am,529.65285,543.0,45.1855,-13.347150000000056
11/06/2024 2:28:00 am,509.46915,543.0,45.24191,-33.53084999999999
11/06/2024 2:44:00 am,513.51585,543.0,45.23856,-29.48415
11/06/2024 3:00:00 am,568.5963,543.0,45.09717,25.596300000000042
11/06/2024 3:14:00 am,563.05035,543.0,45.10263,20.05034999999998
11/06/2024 3:30:00 am,541.5393,543.0,45.15476,-1.4606999999999744
11/06/2024 3:46:00 am,524.793,543.0,45.20269,-18.206999999999994
11/06/2024 4:00:00 am,518.82885,543.0,45.22796,-24.17115000000001
11/06/2024 4:16:00 am,586.7943,543.0,45.0358,43.79430000000002
11/06/2024 4:28:00 am,559.3513499999999,543.0,45.1159,16.35134999999991
11/06/2024 4:44:00 am,551.72325,543.0,45.14228,8.723250000000007
11/06/2024 5:00:00 am,543.28545,543.0,45.16341,0.2854499999999689
11/06/2024 5:14:00 am,520.53225,543.0,45.22494,-22.467750000000024
11/06/2024 5:30:00 am,551.8839,543.0,45.13626,8.88390000000004
11/06/2024 5:46:00 am,541.11855,543.0,45.15998,-1.8814499999999725
11/06/2024 5:58:00 am,555.4407,543.0,45.12351,12.440699999999993
11/06/2024 6:14:00 am,548.0241,543.0,45.1433,5.024099999999976
11/06/2024 6:28:00 am,535.332,543.0,45.17713,-7.668000000000006
11/06/2024 6:44:00 am,526.49955,543.0,45.20167,-16.50045
11/06/2024 7:00:00 am,555.27225,543.0,44.85177,12.272249999999985
11/06/2024 7:14:00 am,546.92985,543.0,44.87458,3.9298499999999876
11/06/2024 7:30:00 am,534.9811500000001,543.0,44.89987,-8.01884999999993
11/06/2024 7:46:00 am,528.2679,543.0,44.93042,-14.732099999999946
11/06/2024 7:58:00 am,515.65155,543.0,44.95837,-27.348449999999957
11/06/2024 8:14:00 am,572.11155,543.0,44.80915,29.111549999999966
11/06/2024 8:30:00 am,546.9543,543.0,44.87615,3.9542999999999893
11/06/2024 8:44:00 am,531.96315,543.0,44.91201,-11.036849999999959
11/06/2024 9:00:00 am,514.97925,543.0,44.95508,-28.02075000000002
11/06/2024 9:16:00 am,481.1034,543.0,45.01269,-61.89659999999998
11/06/2024 9:30:00 am,493.5438,543.0,48.73111,-49.456200000000024
11/06/2024 9:44:00 am,523.9312500000001,543.0,48.65152,-19.06874999999991
11/06/2024 9:58:00 am,513.9790499999999,543.0,48.67811,-29.020950000000084
11/06/2024 10:14:00 am,504.72255,543.0,48.71041,-38.27744999999999
11/06/2024 10:30:00 am,498.054,543.0,49.01683,-44.946000000000026
11/06/2024 10:44:00 am,502.88925,543.0,50.19304,-40.110749999999996
11/06/2024 11:00:00 am,507.77355,543.0,50.17548,-35.22645
11/06/2024 11:16:00 am,555.4911,543.0,50.06322,12.49109999999996
11/06/2024 11:30:00 am,536.90745,543.0,50.10088,-6.09254999999996
11/06/2024 11:44:00 am,508.94685,543.0,50.15539,-34.05315000000002
11/06/2024 11:58:00 am,513.7125000000001,543.0,50.17137,-29.28749999999991
11/06/2024 12:14:00 pm,500.65725,543.0,50.20618,-42.342750000000024
11/06/2024 12:30:00 pm,566.56545,543.0,50.30359,23.565450000000055
11/06/2024 12:44:00 pm,557.73585,543.0,45.35078,14.735850000000028
11/06/2024 1:00:00 pm,540.7072499999999,543.0,45.37217,-2.292750000000069
11/06/2024 1:16:00 pm,533.11515,543.0,45.42175,-9.884850000000029
11/06/2024 1:28:00 pm,521.7495,543.0,45.44294,-21.250499999999988
11/06/2024 1:44:00 pm,504.7476,543.0,45.48928,-38.25240000000002
11/06/2024 2:00:00 pm,535.47315,543.0,47.79459,-7.526849999999968
11/06/2024 2:14:00 pm,513.0038999999999,543.0,47.86526,-29.99610000000007
11/06/2024 2:30:00 pm,495.5244,543.0,48.76156,-47.475599999999986
11/06/2024 2:44:00 pm,504.4326,543.0,50.44069,-38.56740000000002
11/06/2024 3:00:00 pm,506.67779999999993,543.0,50.4441,-36.322200000000066
11/06/2024 3:16:00 pm,514.87905,543.0,50.69257,-28.120949999999993
11/06/2024 3:28:00 pm,599.51145,543.0,45.76852,56.51144999999997
11/06/2024 3:44:00 pm,552.67155,543.0,45.63081,9.671550000000025
11/06/2024 4:00:00 pm,534.3975,543.0,45.67953,-8.602499999999964
11/06/2024 4:14:00 pm,518.44425,543.0,45.7257,-24.55574999999999
11/06/2024 4:30:00 pm,493.2708,543.0,45.77748,-49.72919999999999
11/06/2024 4:46:00 pm,517.1754,543.0,45.73049,-25.824600000000032
11/06/2024 5:00:00 pm,569.88135,543.0,45.58488,26.881349999999998
11/06/2024 5:14:00 pm,558.9408000000001,543.0,45.61774,15.940800000000081
11/06/2024 5:28:00 pm,544.57875,543.0,45.65355,1.5787500000000136
11/06/2024 5:44:00 pm,528.65325,543.0,45.70501,-14.346750000000043
11/06/2024 6:00:00 pm,516.24015,543.0,45.73811,-26.75985000000003
11/06/2024 6:14:00 pm,596.63535,543.0,45.52562,53.63535000000002
11/06/2024 6:30:00 pm,561.8457000000001,543.0,45.60288,18.84570000000008
11/06/2024 6:46:00 pm,553.1985,543.0,45.63372,10.198499999999967
11/06/2024 7:00:00 pm,539.9503500000001,543.0,45.66027,-3.0496499999999287
11/06/2024 7:14:00 pm,536.22945,543.0,45.67638,-6.770549999999957
11/06/2024 7:28:00 pm,564.7473,543.0,45.59796,21.747299999999996
11/06/2024 7:44:00 pm,559.61595,543.0,45.33963,16.615949999999998
11/06/2024 8:00:00 pm,551.32185,543.0,45.35915,8.32185000000004
11/06/2024 8:14:00 pm,541.2636,543.0,45.39553,-1.7364000000000033
11/06/2024 8:30:00 pm,530.3157,543.0,45.42685,-12.684300000000007
11/06/2024 8:46:00 pm,522.9306,543.0,45.44226,-20.069399999999973
11/06/2024 8:58:00 pm,577.7808,543.0,45.30098,34.7808
11/06/2024 9:14:00 pm,557.6913,543.0,45.34092,14.691299999999956
11/06/2024 9:30:00 pm,548.9538,543.0,45.36869,5.953800000000001
11/06/2024 9:44:00 pm,533.96805,543.0,45.40352,-9.031950000000052
11/06/2024 10:00:00 pm,525.6437999999999,543.0,45.48108,-17.356200000000058
11/06/2024 10:14:00 pm,594.174,543.0,45.2364,51.17399999999998
11/06/2024 10:30:00 pm,569.0214,543.0,45.31518,26.02139999999997
11/06/2024 10:44:00 pm,563.26815,543.0,45.33645,20.26814999999999
11/06/2024 10:58:00 pm,550.26135,543.0,45.37138,7.261349999999993
11/06/2024 11:14:00 pm,532.84935,543.0,45.42212,-10.150650000000041
11/06/2024 11:30:00 pm,536.87325,543.0,45.40174,-6.1267500000000155
11/06/2024 11:44:00 pm,572.0524499999999,543.0,45.31229,29.052449999999908
11/07/2024 12:00:00 am,561.4254,543.0,45.33952,18.425399999999968
11/07/2024 12:16:00 am,549.0060000000001,543.0,45.3726,6.0060000000000855
11/07/2024 12:30:00 am,535.5729,543.0,45.40844,-7.427099999999996
11/07/2024 12:44:00 am,522.8457000000001,543.0,45.44235,-20.15429999999992
11/07/2024 12:58:00 am,584.93475,543.0,45.00376,41.93475000000001
11/07/2024 1:14:00 am,561.65745,543.0,45.06768,18.65745000000004
11/07/2024 1:30:00 am,554.03025,543.0,45.08822,11.030250000000024
11/07/2024 1:44:00 am,535.2843,543.0,45.14861,-7.71569999999997
11/07/2024 2:00:00 am,530.90925,543.0,45.1526,-12.090749999999957
11/07/2024 2:16:00 am,542.3951999999999,543.0,45.12118,-0.6048000000000684
11/07/2024 2:30:00 am,562.5678,543.0,45.06117,19.567800000000034
11/07/2024 2:44:00 am,543.15885,543.0,45.12076,0.15885000000002947
11/07/2024 2:58:00 am,547.4139,543.0,45.10852,4.413900000000012
11/07/2024 3:14:00 am,534.4872,543.0,45.14167,-8.51279999999997
11/07/2024 3:30:00 am,525.7089,543.0,45.1583,-17.29110000000003
11/07/2024 3:44:00 am,570.3633,543.0,44.76686,27.36329999999998
11/07/2024 4:00:00 am,551.9031,543.0,44.82473,8.903099999999995
11/07/2024 4:16:00 am,536.59695,543.0,44.86139,-6.4030500000000075
11/07/2024 4:28:00 am,523.9286999999999,543.0,44.90178,-19.071300000000065
11/07/2024 4:44:00 am,515.71695,543.0,44.92285,-27.283050000000003
11/07/2024 5:00:00 am,543.77115,543.0,44.849,0.7711500000000342
11/07/2024 5:14:00 am,551.1477,543.0,44.82679,8.147699999999986
11/07/2024 5:30:00 am,541.35705,543.0,44.85284,-1.6429500000000417
11/07/2024 5:44:00 am,536.3077499999999,543.0,44.86179,-6.692250000000058
11/07/2024 6:00:00 am,526.197,543.0,44.8925,-16.802999999999997
11/07/2024 6:16:00 am,512.09565,543.0,44.92604,-30.904350000000022
11/07/2024 6:28:00 am,567.9198,543.0,44.79051,24.91980000000001
11/07/2024 6:44:00 am,551.1087,543.0,44.82775,8.108699999999999
11/07/2024 7:00:00 am,536.39235,543.0,44.86722,-6.607650000000035
11/07/2024 7:14:00 am,521.562,543.0,44.91008,-21.437999999999988
11/07/2024 7:30:00 am,507.26625,543.0,44.94053,-35.733749999999986
11/07/2024 7:46:00 am,558.3936,543.0,44.81781,15.393599999999992
11/07/2024 8:00:00 am,547.15095,543.0,44.84069,4.150949999999966
11/07/2024 8:14:00 am,541.2273,543.0,44.85281,-1.7726999999999862
11/07/2024 8:28:00 am,528.6381,543.0,44.88707,-14.361899999999991
11/07/2024 8:44:00 am,512.57595,543.0,44.93064,-30.424049999999966
11/07/2024 9:00:00 am,502.88835,543.0,44.95529,-40.11165
11/07/2024 9:14:00 am,569.7528,543.0,44.77565,26.75279999999998
11/07/2024 9:30:00 am,543.49815,543.0,44.84827,0.49815000000000964
11/07/2024 9:46:00 am,528.2829,543.0,44.90211,-14.71709999999996
11/07/2024 9:58:00 am,517.21635,543.0,44.91967,-25.783649999999966
11/07/2024 10:14:00 am,504.8745,543.0,44.9489,-38.12549999999999
11/07/2024 10:28:00 am,518.5434,543.0,44.91547,-24.45659999999998
