Time,Inj Gas Meter Volume Instantaneous,Inj Gas Meter Volume Setpoint,Inj Gas Valve Percent Open,deviation,ratio,hydrate_flag,severity
2024-10-31 00:00:00,391.4352,375.0,27.17612,16.43520000000001,14.403645553522724,False,none
2024-10-31 00:14:00,402.52365,375.0,27.17612,27.52364999999997,14.81166737562242,False,none
2024-10-31 00:30:00,380.72775,375.0,26.70198,5.727750000000015,14.25840892697845,False,none
2024-10-31 00:46:00,382.73955,375.0,26.70198,7.739550000000008,14.3337516543717,False,none
2024-10-31 01:00:00,384.86595,375.0,26.70198,9.865949999999998,14.413386198326869,False,none
2024-10-31 01:14:00,384.27975,375.0,26.70198,9.27974999999998,14.391432770154124,False,none
2024-10-31 01:28:00,383.2236,375.0,26.70198,8.223599999999976,14.351879523540951,False,none
2024-10-31 01:44:00,378.5196,375.0,26.70198,3.5196000000000254,14.1757128123083,False,none
2024-10-31 02:00:00,374.74245,375.0,26.70198,-0.2575499999999806,14.034257010154304,False,none
2024-10-31 02:14:00,370.43145,375.0,26.70198,-4.568550000000016,13.87280830859734,False,none
2024-10-31 02:30:00,364.6467,375.0,26.70198,-10.35329999999999,13.65616707075655,False,none
2024-10-31 02:46:00,356.7471,375.0,26.70198,-18.25290000000001,13.360323841153352,False,none
2024-10-31 02:58:00,348.91725,375.0,26.77205,-26.082749999999976,13.03289251290058,False,none
2024-10-31 03:14:00,351.435,375.0,31.71132,-23.565,11.082320130477068,False,none
2024-10-31 03:28:00,367.9839,375.0,31.93819,-7.0160999999999945,11.521751858824812,False,none
2024-10-31 03:44:00,360.4317,375.0,31.93819,-14.568300000000022,11.285288865774795,False,none
2024-10-31 04:00:00,353.01495,375.0,31.93819,-21.98505,11.053066876989586,False,none
2024-10-31 04:14:00,347.2278,375.0,32.27454,-27.7722,10.758566969505994,False,none
2024-10-31 04:30:00,387.82695,375.0,32.52163,12.82695000000001,11.925200243653224,False,none
2024-10-31 04:46:00,391.9182,375.0,32.52163,16.918200000000013,12.051001133707013,False,none
2024-10-31 04:58:00,391.35405,375.0,32.52163,16.354049999999972,12.03365421720867,False,none
2024-10-31 05:14:00,385.34715,375.0,27.57308,10.34715,13.975484421762095,False,none
2024-10-31 05:30:00,369.4662,375.0,27.57308,-5.533799999999985,13.39952591440637,False,none
2024-10-31 05:44:00,364.9056,375.0,27.57308,-10.094400000000007,13.234125458599474,False,none
2024-10-31 06:00:00,376.30095,375.0,27.57308,1.3009500000000005,13.6474035544814,False,none
2024-10-31 06:14:00,403.18215,375.0,27.57308,28.18214999999998,14.6223109641723,False,none
2024-10-31 06:30:00,372.96255,375.0,27.15914,-2.0374499999999784,13.732487479353177,False,none
2024-10-31 06:44:00,381.4254,375.0,27.15914,6.425400000000025,14.044089761310556,False,none
2024-10-31 06:58:00,395.61885,375.0,27.15914,20.61885000000001,14.566692833425506,False,none
2024-10-31 07:14:00,403.7988,375.0,26.95109,28.79880000000003,14.982651907585186,False,none
2024-10-31 07:30:00,380.157,375.0,26.74255,5.156999999999982,14.215435700783956,False,none
2024-10-31 07:44:00,383.89305,375.0,26.74255,8.893050000000017,14.355140029653118,False,none
2024-10-31 08:00:00,383.85165,375.0,26.74255,8.851650000000006,14.353591934950106,False,none
2024-10-31 08:16:00,382.32105,375.0,26.74255,7.321050000000014,14.296357303248945,False,none
2024-10-31 08:30:00,379.84755,375.0,26.74255,4.8475500000000125,14.203864253782829,False,none
2024-10-31 08:44:00,375.29715,375.0,26.74255,0.2971499999999878,14.033708453382342,False,none
2024-10-31 08:58:00,371.1993,375.0,26.74255,-3.800700000000006,13.880475122978174,False,none
2024-10-31 09:14:00,362.8299,375.0,26.74255,-12.17009999999999,13.567513195263729,False,none
2024-10-31 09:30:00,357.57825,375.0,26.74255,-17.421749999999975,13.371135138571304,False,none
2024-10-31 09:44:00,347.8146,375.0,26.87227,-27.185400000000016,12.943253398391724,False,none
2024-10-31 10:00:00,350.36805,375.0,31.51879,-24.631950000000018,11.116164357832265,False,none
2024-10-31 10:16:00,366.1869,375.0,31.93419,-8.81310000000002,11.466923068974037,False,none
2024-10-31 10:28:00,356.53905,375.0,31.93419,-18.460950000000025,11.16480643473343,False,none
2024-10-31 10:44:00,346.10175,375.0,32.21342,-28.89825000000002,10.744023764008912,False,none
2024-10-31 10:58:00,381.33885,375.0,32.59013,6.3388499999999794,11.70105335572457,False,none
2024-10-31 11:14:00,388.8678,375.0,32.59013,13.867799999999988,11.93207268581009,False,none
2024-10-31 11:30:00,390.71445,375.0,32.59013,15.71445,11.988735546621015,False,none
2024-10-31 11:44:00,390.4104,375.0,32.59013,15.41039999999998,11.979406034894613,False,none
2024-10-31 12:00:00,392.3283,375.0,32.59013,17.328300000000013,12.03825514043669,False,none
2024-10-31 12:16:00,375.55305,375.0,32.59013,0.5530499999999847,11.5235210783142,False,none
2024-10-31 12:28:00,378.5421,375.0,32.59013,3.542100000000005,11.615237496751316,False,none
2024-10-31 12:44:00,391.3623,375.0,32.59013,16.362300000000005,12.00861426450278,False,none
2024-10-31 13:00:00,387.04995,375.0,27.59917,12.049950000000024,14.023970648392687,False,none
2024-10-31 13:14:00,392.16345,375.0,27.59917,17.16345000000001,14.20924795926834,False,none
2024-10-31 13:30:00,373.4718,375.0,27.13345,-1.5282000000000266,13.76425777039042,False,none
2024-10-31 13:44:00,382.32855,375.0,27.13345,7.328550000000007,14.09067221455436,False,none
2024-10-31 14:00:00,388.60875,375.0,27.13345,13.608749999999986,14.3221282218074,False,none
2024-10-31 14:14:00,394.0902,375.0,27.13345,19.09019999999998,14.524146394947932,False,none
2024-10-31 14:28:00,397.1235,375.0,27.13345,22.12349999999998,14.635938297562602,False,none
2024-10-31 14:44:00,391.8903,375.0,27.13345,16.890300000000025,14.44306934798192,False,none
2024-10-31 15:00:00,391.26240000000007,375.0,27.13345,16.26240000000007,14.419928169842024,False,none
2024-10-31 15:14:00,388.79865,375.0,27.13345,13.79865000000001,14.329126963213303,False,none
2024-10-31 15:30:00,385.16265,375.0,27.13345,10.162649999999983,14.195122625394117,False,none
2024-10-31 15:46:00,383.72205,375.0,27.13345,8.722050000000024,14.1420294875882,False,none
2024-10-31 16:00:00,377.50425,375.0,27.13345,2.504250000000013,13.912873224746578,False,none
2024-10-31 16:14:00,368.8425,375.0,27.13345,-6.157500000000027,13.59364548186832,False,none
2024-10-31 16:28:00,364.9485,375.0,27.13345,-10.051499999999976,13.450132585425004,False,none
2024-10-31 16:44:00,353.8239,375.0,27.13345,-21.17610000000002,13.040136805308576,False,none
2024-10-31 17:00:00,346.8498,375.0,27.25162,-28.150199999999984,12.727676373000946,False,none
2024-10-31 17:14:00,358.07565,375.0,31.97817,-16.924350000000004,11.197502858981611,False,none
2024-10-31 17:30:00,350.64765,375.0,31.97817,-24.35235,10.965219398108148,False,none
2024-10-31 17:46:00,347.7393,375.0,32.47241,-27.260699999999986,10.708761684149712,False,none
2024-10-31 17:58:00,389.4867,375.0,32.52616,14.486699999999985,11.974567548090524,False,none
2024-10-31 18:14:00,394.1541,375.0,32.52616,19.154100000000028,12.118064351893985,False,none
2024-10-31 18:28:00,389.4676500000001,375.0,32.52616,14.467650000000106,11.973981865673665,False,none
2024-10-31 18:44:00,393.64290000000005,375.0,32.52616,18.64290000000005,12.102347771762792,False,none
2024-10-31 19:00:00,380.4375,375.0,32.52616,5.4375,11.696354565063936,False,none
2024-10-31 19:14:00,386.4477,375.0,32.52616,11.447699999999998,11.881135061747225,False,none
2024-10-31 19:30:00,397.2879,375.0,32.52616,22.28789999999998,12.214411415303866,False,none
2024-10-31 19:46:00,394.23855,375.0,27.56656,19.23854999999997,14.301332846753455,False,none
2024-10-31 19:58:00,393.3465,375.0,27.56656,18.346499999999992,14.268972987561742,False,none
2024-10-31 20:14:00,378.3774,375.0,27.15282,3.377400000000023,13.935105083007954,False,none
2024-10-31 20:30:00,387.57360000000006,375.0,27.15282,12.573600000000056,14.273788136922798,False,none
2024-10-31 20:44:00,393.5628,375.0,27.15282,18.56279999999998,14.494361911580455,False,none
2024-10-31 21:00:00,395.5602,375.0,27.15282,20.56020000000001,14.567923331720245,False,none
2024-10-31 21:14:00,397.34055,375.0,27.15282,22.340550000000007,14.633491107001042,False,none
2024-10-31 21:30:00,399.0927,375.0,27.15282,24.09269999999998,14.69802031612186,False,none
2024-10-31 21:44:00,395.1003,375.0,27.15282,20.100300000000004,14.550985864451649,False,none
2024-10-31 21:58:00,392.93145,375.0,27.15282,17.931449999999984,14.471110183030714,False,none
2024-10-31 22:14:00,389.11125,375.0,27.15282,14.111249999999984,14.330417614082071,False,none
2024-10-31 22:30:00,383.28765,375.0,27.15282,8.287649999999985,14.115942653470247,False,none
2024-10-31 22:44:00,378.117,375.0,27.15282,3.117000000000018,13.925514918892404,False,none
2024-10-31 23:00:00,369.4143,375.0,27.15282,-5.585699999999974,13.605006772777196,False,none
2024-10-31 23:16:00,362.7906,375.0,27.15282,-12.209400000000016,13.361065259520004,False,none
2024-10-31 23:30:00,354.6297,375.0,27.15282,-20.370299999999983,13.060510841967798,False,none
2024-10-31 23:44:00,347.41470000000004,375.0,27.20716,-27.58529999999996,12.7692379505983,False,none
2024-10-31 23:58:00,350.05965,375.0,31.99441,-24.940350000000024,10.941275366540593,False,none
2024-11-01 00:14:00,349.3515,375.0,32.12311,-25.648500000000013,10.87539469248152,False,none
2024-11-01 00:30:00,356.76345,375.0,32.12311,-18.236550000000022,11.106130446273726,False,none
2024-11-01 00:44:00,358.99425,375.0,32.12311,-16.005749999999978,11.175575777065172,False,none
2024-11-01 01:00:00,368.18475,375.0,32.12311,-6.815249999999992,11.461678212352416,False,none
2024-11-01 01:16:00,356.07585,375.0,32.12311,-18.92415,11.08472529590068,False,none
2024-11-01 01:28:00,348.6102,375.0,32.2995,-26.38979999999998,10.79305252403288,False,none
2024-11-01 01:44:00,353.4846,375.0,32.46087,-21.5154,10.889560261323863,False,none
2024-11-01 01:58:00,399.156,375.0,32.54506,24.15600000000001,12.264718516420004,False,none
2024-11-01 02:14:00,381.1647,375.0,27.44286,6.164699999999982,13.88939418121872,False,none
2024-11-01 02:30:00,382.07295,375.0,27.44286,7.072949999999992,13.922490221500237,False,none
2024-11-01 02:44:00,391.18815,375.0,27.44286,16.188150000000007,14.254642191083583,False,none
2024-11-01 03:00:00,404.19825,375.0,27.44286,29.198249999999973,14.728721787743696,False,none
2024-11-01 03:16:00,375.6963,375.0,26.96547,0.6963000000000079,13.932495891968507,False,none
2024-11-01 03:28:00,384.588,375.0,26.96547,9.588000000000022,14.262239820036514,False,none
2024-11-01 03:44:00,387.17805,375.0,26.96547,12.178049999999985,14.358290435879663,False,none
2024-11-01 04:00:00,388.9983,375.0,26.96547,13.998299999999972,14.425793431377238,False,none
2024-11-01 04:14:00,390.19409999999993,375.0,26.96547,15.194099999999937,14.470139033363775,False,none
2024-11-01 04:30:00,389.2587,375.0,26.96547,14.258699999999976,14.435450225788758,False,none
2024-11-01 04:44:00,386.81445,375.0,26.96547,11.814450000000022,14.344806524788924,False,none
2024-11-01 05:00:00,383.3721,375.0,26.96547,8.372099999999989,14.21714882032466,False,none
2024-11-01 05:14:00,378.219,375.0,26.96547,3.218999999999994,14.026048869164898,False,none
2024-11-01 05:28:00,374.2278,375.0,26.96547,-0.772199999999998,13.878037356663912,False,none
2024-11-01 05:44:00,365.93325,375.0,26.96547,-9.066750000000011,13.570438416241217,False,none
2024-11-01 06:00:00,357.26445,375.0,26.96547,-17.73554999999999,13.248960615186755,False,none
2024-11-01 06:14:00,347.2515,375.0,26.96547,-27.74849999999998,12.877635731919378,False,none
2024-11-01 06:30:00,351.8634,375.0,32.02424,-23.136599999999987,10.987408288221673,False,none
2024-11-01 06:46:00,375.60825,375.0,32.55748,0.6082499999999982,11.536772809197764,False,none
2024-11-01 07:00:00,379.1397,375.0,32.55748,4.139700000000005,11.645240970738522,False,none
2024-11-01 07:14:00,385.09005,375.0,32.55748,10.09005000000002,11.82800542302414,False,none
2024-11-01 07:28:00,383.03895,375.0,32.55748,8.03895,11.765006075408785,False,none
2024-11-01 07:44:00,393.3516,375.0,32.55748,18.35160000000002,12.081758170472655,False,none
2024-11-01 08:00:00,385.3179,375.0,32.55748,10.317900000000009,11.835003814791564,False,none
2024-11-01 08:14:00,374.3547,375.0,32.55748,-0.6453000000000202,11.498270136386475,False,none
2024-11-01 08:30:00,382.7622,375.0,32.55748,7.762200000000007,11.756505724644535,False,none
2024-11-01 08:46:00,390.58695,375.0,27.60731,15.586950000000002,14.147953929593289,False,none
2024-11-01 08:58:00,397.3077,375.0,27.60731,22.30770000000001,14.391394887803267,False,none
2024-11-01 09:14:00,377.47635,375.0,27.1532,2.476350000000025,13.90172613172665,False,none
2024-11-01 09:28:00,388.26225,375.0,27.1532,13.262249999999996,14.298950031672142,False,none
2024-11-01 09:44:00,395.85255,375.0,27.1532,20.852550000000008,14.57848614527938,False,none
2024-11-01 10:00:00,398.883,375.0,27.1532,23.88299999999998,14.690091775555,False,none
2024-11-01 10:14:00,402.74865,375.0,27.1532,27.74865,14.832456211422596,False,none
2024-11-01 10:30:00,402.4513500000001,375.0,27.04894,27.451350000000105,14.878636648977745,False,none
2024-11-01 10:46:00,400.42005000000006,375.0,27.04894,25.42005000000006,14.80353943629584,False,none
2024-11-01 10:58:00,397.635,375.0,27.04894,22.63499999999999,14.700576066936447,False,none
2024-11-01 11:14:00,391.87335,375.0,27.04894,16.873350000000016,14.487567719844105,False,none
2024-11-01 11:30:00,370.95075,375.0,27.04894,-4.049249999999972,13.714058665515171,False,none
2024-11-01 11:44:00,361.67025,375.0,27.04894,-13.32974999999999,13.370958344393532,False,none
2024-11-01 12:00:00,346.68645000000004,375.0,27.12025,-28.313549999999964,12.783305832357742,False,none
2024-11-01 12:14:00,359.5425,375.0,31.95805,-15.457499999999982,11.250451764109512,False,none
2024-11-01 12:30:00,377.31075,375.0,32.57053,2.3107499999999845,11.58442156145448,False,none
2024-11-01 12:44:00,377.4762,375.0,32.57053,2.4762000000000057,11.58950130685623,False,none
2024-11-01 12:58:00,369.5862,375.0,32.57053,-5.413799999999981,11.347257781804595,False,none
2024-11-01 13:14:00,362.6043,375.0,32.57053,-12.395699999999977,11.132895289084953,False,none
2024-11-01 13:30:00,0.0,375.0,62.10478,-375.0,0.0,True,high
2024-11-01 13:44:00,209.00475,375.0,62.10478,-165.99525,3.3653569016748794,True,high
2024-11-01 14:00:00,0.0,375.0,62.10478,-375.0,0.0,True,high
2024-11-01 14:16:00,0.0,375.0,100.0,-375.0,0.0,True,high
2024-11-01 14:58:00,0.0,375.0,100.0,-375.0,0.0,True,high
2024-11-01 16:00:00,0.0,375.0,100.0,-375.0,0.0,True,high
2024-11-01 16:58:00,0.0,375.0,100.0,-375.0,0.0,True,high
2024-11-01 18:00:00,0.0,375.0,100.0,-375.0,0.0,True,high
2024-11-01 19:00:00,0.0,375.0,100.0,-375.0,0.0,True,high
2024-11-01 20:00:00,0.0,375.0,100.0,-375.0,0.0,True,high
2024-11-01 21:00:00,0.0,375.0,100.0,-375.0,0.0,True,high
2024-11-01 22:00:00,0.0,375.0,100.0,-375.0,0.0,True,high
2024-11-01 23:00:00,0.0,375.0,100.0,-375.0,0.0,True,high
2024-11-02 01:00:00,0.0,375.0,100.0,-375.0,0.0,True,high
2024-11-02 02:00:00,0.0,375.0,100.0,-375.0,0.0,True,high
2024-11-02 02:30:00,189.8046,375.0,100.0,-185.1954,1.898046,True,high
2024-11-02 02:44:00,189.7206,375.0,100.0,-185.2794,1.897206,True,high
2024-11-02 03:00:00,189.72195,375.0,100.0,-185.27805,1.8972195,True,high
2024-11-02 03:14:00,189.795,375.0,100.0,-185.205,1.89795,True,high
2024-11-02 03:30:00,189.36825,375.0,100.0,-185.63175,1.8936825,True,high
2024-11-02 03:44:00,189.32475,375.0,100.0,-185.67525,1.8932475,True,high
2024-11-02 03:58:00,189.4581,375.0,100.0,-185.5419,1.894581,True,high
2024-11-02 04:14:00,189.81885,375.0,100.0,-185.18115,1.8981885,True,high
2024-11-02 04:30:00,189.88275,375.0,100.0,-185.11725,1.8988275,True,high
2024-11-02 04:44:00,190.26225,375.0,100.0,-184.73775,1.9026225,True,high
2024-11-02 05:00:00,190.35975,375.0,100.0,-184.64025,1.9035975,True,high
2024-11-02 05:16:00,190.35735,375.0,100.0,-184.64265,1.9035735,True,high
2024-11-02 05:30:00,190.43415,375.0,100.0,-184.56585,1.9043415,True,high
2024-11-02 05:44:00,190.40985,375.0,100.0,-184.59015,1.9040985,True,high
2024-11-02 05:58:00,190.2897,375.0,100.0,-184.7103,1.902897,True,high
2024-11-02 06:14:00,190.15725,375.0,100.0,-184.84275,1.9015725,True,high
2024-11-02 06:30:00,189.7155,375.0,100.0,-185.2845,1.897155,True,high
2024-11-02 06:44:00,189.54015,375.0,100.0,-185.45985,1.8954015,True,high
2024-11-02 07:00:00,189.48525,375.0,100.0,-185.51475,1.8948525,True,high
2024-11-02 07:16:00,189.81135,375.0,100.0,-185.18865,1.8981135,True,high
2024-11-02 07:30:00,189.9483,375.0,100.0,-185.0517,1.899483,True,high
2024-11-02 07:44:00,190.017,375.0,100.0,-184.983,1.90017,True,high
2024-11-02 07:58:00,190.2645,375.0,100.0,-184.7355,1.902645,True,high
2024-11-02 08:14:00,190.269,375.0,100.0,-184.731,1.90269,True,high
2024-11-02 08:30:00,189.9174,375.0,100.0,-185.0826,1.899174,True,high
2024-11-02 08:44:00,190.00335,375.0,100.0,-184.99665,1.9000335,True,high
2024-11-02 09:00:00,190.4775,375.0,100.0,-184.5225,1.904775,True,high
2024-11-02 09:14:00,190.695,375.0,100.0,-184.305,1.90695,True,high
2024-11-02 09:30:00,190.5831,375.0,100.0,-184.4169,1.905831,True,high
2024-11-02 09:44:00,190.3749,375.0,100.0,-184.6251,1.903749,True,high
2024-11-02 10:00:00,190.07475,375.0,100.0,-184.92525,1.9007475,True,high
2024-11-02 10:14:00,189.9543,375.0,100.0,-185.0457,1.899543,True,high
2024-11-02 10:30:00,0.0,375.0,0.0,-375.0,,True,high
2024-11-02 10:44:00,0.0,375.0,100.0,-375.0,0.0,True,high
2024-11-02 11:00:00,370.99365,375.0,26.58098,-4.006349999999998,13.957109557284946,False,none
2024-11-02 11:14:00,367.6158,375.0,26.58098,-7.384200000000021,13.830031849841502,False,none
2024-11-02 11:28:00,361.16475,375.0,26.58098,-13.835249999999974,13.587337637664223,False,none
2024-11-02 11:44:00,358.27485,375.0,26.58098,-16.725149999999985,13.47861704120766,False,none
2024-11-02 12:00:00,360.97005,375.0,26.58098,-14.029949999999983,13.580012851294422,False,none
2024-11-02 12:14:00,357.29505,375.0,26.58098,-17.704949999999997,13.441756097781196,False,none
2024-11-02 12:30:00,354.73260000000005,375.0,26.58098,-20.267399999999952,13.3453544602193,False,none
2024-11-02 12:46:00,353.41515,375.0,26.58098,-21.584850000000017,13.295790824868009,False,none
2024-11-02 13:00:00,348.7866,375.0,26.58098,-26.21339999999998,13.121660676167696,False,none
2024-11-02 13:14:00,345.61440000000005,375.0,27.31102,-29.385599999999958,12.654759873486968,False,none
2024-11-02 13:28:00,382.4433,375.0,31.68171,7.443300000000022,12.071422281183688,False,none
2024-11-02 13:44:00,374.96295,375.0,31.68171,-0.037050000000022,11.83531286663504,False,none
2024-11-02 14:00:00,374.79105,375.0,31.68171,-0.2089500000000157,11.829887023143636,False,none
2024-11-02 14:14:00,369.183,375.0,31.68171,-5.817000000000007,11.652874797477788,False,none
2024-11-02 14:30:00,362.8776,375.0,31.68171,-12.122400000000027,11.45385144930624,False,none
2024-11-02 14:46:00,356.68035,375.0,31.68171,-18.319650000000024,11.25824174263321,False,none
2024-11-02 14:58:00,352.58625,375.0,31.68171,-22.413749999999997,11.129015763353683,False,none
2024-11-02 15:14:00,371.9694,375.0,32.10651,-3.0305999999999926,11.58548219660125,False,none
2024-11-02 15:28:00,363.83115,375.0,32.10651,-11.16885000000002,11.33200556522649,False,none
2024-11-02 15:44:00,360.3435,375.0,32.10651,-14.656499999999994,11.223378062579831,False,none
2024-11-02 16:00:00,351.02610000000004,375.0,32.30051,-23.97389999999996,10.86750952229547,False,none
2024-11-02 16:14:00,350.4123,375.0,32.41834,-24.587699999999984,10.809075973661823,False,none
2024-11-02 16:30:00,362.0877,375.0,32.58616,-12.912300000000016,11.111702023190212,False,none
2024-11-02 16:44:00,358.461,375.0,32.58616,-16.538999999999987,11.000406307463049,False,none
2024-11-02 16:58:00,354.7755,375.0,32.58616,-20.224499999999978,10.88730614469456,False,none
2024-11-02 17:14:00,353.08425,375.0,32.6464,-21.915750000000003,10.81541150019604,False,none
2024-11-02 17:30:00,347.6436,375.0,32.70596,-27.356400000000008,10.629365412297943,False,none
2024-11-02 17:44:00,376.7955,375.0,33.19822,1.795500000000004,11.349870565349589,False,none
2024-11-02 18:00:00,384.66315,375.0,33.19822,9.663149999999971,11.586860681084708,False,none
2024-11-02 18:16:00,392.3097,375.0,33.19822,17.30970000000002,11.81719080119356,False,none
2024-11-02 18:30:00,397.674,375.0,33.19822,22.673999999999975,11.978774765635023,False,none
2024-11-02 18:44:00,388.40655,375.0,33.19822,13.406549999999982,11.699619738648638,False,none
2024-11-02 18:58:00,388.48905,375.0,33.19822,13.48905000000002,11.702104811643515,False,none
2024-11-02 19:14:00,403.3266,375.0,33.19822,28.326599999999985,12.149042930614954,False,none
2024-11-02 19:30:00,394.91715,375.0,28.26317,19.917149999999992,13.972854071217064,False,none
2024-11-02 19:44:00,392.9589,375.0,28.26317,17.95890000000003,13.903567788043594,False,none
2024-11-02 20:00:00,386.13375,375.0,27.67957,11.13375000000002,13.950135424791643,False,none
2024-11-02 20:16:00,404.6205,375.0,27.67957,29.620499999999996,14.618019716346751,False,none
2024-11-02 20:28:00,383.31525,375.0,27.30919,8.315249999999992,14.036126666517754,False,none
2024-11-02 20:44:00,392.87895,375.0,27.30919,17.878949999999975,14.386327459730587,False,none
2024-11-02 20:58:00,398.1321,375.0,27.30919,23.13209999999998,14.578685783064234,False,none
2024-11-02 21:14:00,401.616,375.0,27.30919,26.615999999999985,14.706258222964502,False,none
2024-11-02 21:30:00,401.3682,375.0,27.03024,26.3682,14.84885816774102,False,none
2024-11-02 21:44:00,401.367,375.0,26.9761,26.36700000000002,14.878614773818308,False,none
2024-11-02 22:00:00,371.15235,375.0,26.81901,-3.8476499999999874,13.839151780770433,False,none
2024-11-02 22:16:00,368.99985,375.0,26.81901,-6.000150000000019,13.758891547450856,False,none
2024-11-02 22:28:00,364.524,375.0,26.81901,-10.476,13.592000599574703,False,none
2024-11-02 22:44:00,361.15905,375.0,26.81901,-13.84095000000002,13.466531762358118,False,none
2024-11-02 22:58:00,355.1895,375.0,26.81901,-19.81049999999999,13.243945246301038,False,none
2024-11-02 23:14:00,350.00775,375.0,26.87687,-24.992250000000013,13.02263805271968,False,none
2024-11-02 23:30:00,345.60825,375.0,27.03376,-29.39175,12.784320420096943,False,none
2024-11-02 23:44:00,360.35565,375.0,31.73408,-14.644349999999974,11.355478085389588,False,none
2024-11-03 00:00:00,346.1373,375.0,31.95597,-28.862700000000014,10.831694359457716,False,none
2024-11-03 00:14:00,360.3273,375.0,32.21025,-14.67270000000002,11.186727827322049,False,none
2024-11-03 00:28:00,356.29785000000004,375.0,32.21025,-18.70214999999996,11.061629450252637,False,none
2024-11-03 00:44:00,358.11705,375.0,32.6476,-16.882949999999994,10.969169249807033,False,none
2024-11-03 01:00:00,363.48015,375.0,32.6476,-11.51985000000002,11.133441661867948,False,none
2024-11-03 01:14:00,356.41110000000003,375.0,32.6476,-18.588899999999967,10.916915791666158,False,none
2024-11-03 01:30:00,374.74845,375.0,33.18155,-0.2515500000000088,11.29388018341518,False,none
2024-11-03 01:46:00,367.557,375.0,33.18155,-7.442999999999984,11.077149801621683,False,none
2024-11-03 02:00:00,371.36805,375.0,33.47378,-3.6319500000000176,11.094296789905412,False,none
2024-11-03 02:14:00,358.4472,375.0,33.47378,-16.55279999999999,10.708297658645066,False,none
2024-11-03 02:30:00,357.79785000000004,375.0,33.47378,-17.20214999999996,10.68889889340254,False,none
2024-11-03 02:46:00,364.70955,375.0,33.47378,-10.29045000000002,10.895379906302784,False,none
2024-11-03 02:58:00,384.87795000000006,375.0,33.47378,9.877950000000055,11.497893276468927,False,none
2024-11-03 03:14:00,394.20089999999993,375.0,33.47378,19.200899999999933,11.77640828134737,False,none
2024-11-03 03:34:00,382.65615,375.0,28.29795,7.656150000000025,13.522398265598746,False,none
2024-11-03 03:44:00,400.2891,375.0,28.29795,25.28910000000002,14.14551584125352,False,none
2024-11-03 04:00:00,387.22995,375.0,27.83682,12.229949999999974,13.9107107061798,False,none
2024-11-03 04:14:00,394.37265,375.0,27.83682,19.37265000000002,14.167302515157983,False,none
2024-11-03 04:30:00,378.4776,375.0,27.45996,3.477599999999996,13.782889705593162,False,none
2024-11-03 04:46:00,384.5739,375.0,27.45996,9.57389999999998,14.004896583971718,False,none
2024-11-03 04:58:00,383.93685,375.0,27.45996,8.936849999999993,13.981697351343556,False,none
2024-11-03 05:14:00,382.02,375.0,27.45996,7.019999999999982,13.911892078502664,False,none
2024-11-03 05:30:00,384.67605,375.0,27.45996,9.676049999999975,14.008616545690526,False,none
2024-11-03 05:44:00,380.78685,375.0,27.45996,5.786850000000015,13.866984875433175,False,none
2024-11-03 06:00:00,379.73775,375.0,27.45996,4.7377500000000055,13.828780158456167,False,none
2024-11-03 06:14:00,375.73965,375.0,27.45996,0.7396499999999833,13.68318271403163,False,none
2024-11-03 06:30:00,370.27185,375.0,27.45996,-4.728150000000028,13.48406370584662,False,none
2024-11-03 06:44:00,364.0941,375.0,27.45996,-10.905899999999974,13.259090690590956,False,none
2024-11-03 06:58:00,356.13,375.0,27.45996,-18.870000000000005,12.969064776496396,False,none
2024-11-03 07:14:00,348.8532,375.0,27.68689,-26.146799999999985,12.59994170526195,False,none
2024-11-03 07:30:00,351.40335,375.0,32.19653,-23.59665000000001,10.91432368643453,False,none
2024-11-03 07:44:00,344.31675,375.0,32.58265,-30.683249999999987,10.56748760459938,False,none
2024-11-03 08:00:00,355.95675,375.0,32.82032,-19.04325,10.845620944585548,False,none
2024-11-03 08:16:00,347.00775,375.0,33.10653,-27.992250000000013,10.481550014453342,False,none
2024-11-03 08:30:00,397.4847,375.0,33.27002,22.48469999999997,11.947233575453216,False,none
2024-11-03 08:44:00,393.5979,375.0,33.27002,18.59789999999998,11.83040767634044,False,none
2024-11-03 08:58:00,388.21365,375.0,33.27002,13.213649999999973,11.668572787151914,False,none
2024-11-03 09:14:00,384.06255,375.0,33.27002,9.062549999999987,11.543802799036488,False,none
2024-11-03 09:30:00,391.38405,375.0,33.27002,16.384050000000002,11.76386578667521,False,none
2024-11-03 09:44:00,384.82125,375.0,33.27002,9.82125000000002,11.56660711355148,False,none
2024-11-03 10:00:00,397.47015,375.0,33.27002,22.47014999999999,11.946796244787349,False,none
2024-11-03 10:16:00,388.36635,375.0,33.27002,13.366350000000011,11.673162504861734,False,none
2024-11-03 10:28:00,376.1049,375.0,33.27002,1.1048999999999864,11.304618993315904,False,none
2024-11-03 10:44:00,377.0049,375.0,33.27002,2.004900000000021,11.331670374709724,False,none
2024-11-03 10:58:00,405.57195,375.0,32.31821,30.57195000000001,12.549332094815895,False,none
2024-11-03 11:14:00,385.12185,375.0,28.2557,10.121849999999997,13.629881758370876,False,none
2024-11-03 11:30:00,394.5762,375.0,28.2557,19.57619999999997,13.964481502847212,False,none
2024-11-03 11:44:00,381.95505,375.0,27.89715,6.955050000000028,13.691543759846438,False,none
2024-11-03 12:00:00,387.0891,375.0,27.89715,12.089099999999974,13.875578688145564,False,none
2024-11-03 12:16:00,397.7859,375.0,27.89715,22.785900000000023,14.259015705905442,False,none
2024-11-03 12:28:00,398.67885,375.0,27.83299,23.67885000000001,14.323967708823236,False,none
2024-11-03 12:44:00,379.88925,375.0,27.43497,4.889250000000004,13.846898684416276,False,none
2024-11-03 13:00:00,379.72875,375.0,27.43497,4.728749999999991,13.84104848665772,False,none
2024-11-03 13:14:00,385.1062500000001,375.0,27.43497,10.106250000000102,14.037057448941992,False,none
2024-11-03 13:30:00,382.65795,375.0,27.43497,7.657950000000028,13.947817329488606,False,none
2024-11-03 13:44:00,381.70995,375.0,27.43497,6.709949999999992,13.913262890391351,False,none
2024-11-03 14:00:00,378.1797,375.0,27.43497,3.1797000000000253,13.784585877075864,False,none
2024-11-03 14:14:00,373.35555,375.0,27.43497,-1.6444500000000062,13.608746428372257,False,none
2024-11-03 14:28:00,367.73925,375.0,27.43497,-7.260749999999973,13.404033246619187,False,none
2024-11-03 14:44:00,362.93715,375.0,27.43497,-12.062850000000026,13.228997516673063,False,none
2024-11-03 15:00:00,351.8376,375.0,27.43497,-23.16239999999999,12.82442080308453,False,none
2024-11-03 15:14:00,346.21455,375.0,27.67237,-28.785450000000026,12.511199799655756,False,none
2024-11-03 15:30:00,355.527,375.0,32.19773,-19.473000000000013,11.04198960609956,False,none
2024-11-03 15:46:00,345.54495000000003,375.0,32.4968,-29.45504999999997,10.633199268851088,False,none
2024-11-03 16:00:00,362.18445,375.0,32.56041,-12.815549999999972,11.123460976074934,False,none
2024-11-03 16:14:00,353.5161,375.0,32.56041,-21.48390000000001,10.857237362797337,False,none
2024-11-03 16:28:00,354.30315,375.0,32.56041,-20.696849999999984,10.881409355717574,False,none
2024-11-03 16:44:00,350.1714,375.0,32.56041,-24.828599999999994,10.754514454824127,False,none
2024-11-03 17:00:00,379.5012,375.0,33.19607,4.501199999999983,11.432112295220488,False,none
2024-11-03 17:14:00,384.18165,375.0,33.19607,9.18164999999999,11.573106394823244,False,none
2024-11-03 17:30:00,387.64125,375.0,33.19607,12.641250000000014,11.67732355064922,False,none
2024-11-03 17:46:00,397.2132,375.0,33.19607,22.21319999999997,11.9656694301464,False,none
2024-11-03 17:58:00,382.596,375.0,33.19607,7.596000000000004,11.525340198403004,False,none
2024-11-03 18:14:00,373.72005,375.0,33.19607,-1.2799499999999853,11.257960656186109,False,none
2024-11-03 18:28:00,387.81435,375.0,33.19607,12.81434999999999,11.682538023326256,False,none
2024-11-03 18:44:00,383.1276,375.0,28.22479,8.127599999999973,13.57415236747554,False,none
2024-11-03 19:00:00,387.67455,375.0,28.22479,12.67455000000001,13.735250111692595,False,none
2024-11-03 19:14:00,393.1491,375.0,28.22479,18.149099999999976,13.929212582272534,False,none
2024-11-03 19:30:00,385.7190000000001,375.0,27.88308,10.719000000000108,13.833443077307102,False,none
2024-11-03 19:46:00,391.36485,375.0,27.88308,16.36484999999999,14.03592608850959,False,none
2024-11-03 19:58:00,395.91675,375.0,27.88308,20.91674999999998,14.19917562909119,False,none
2024-11-03 20:14:00,402.88965,375.0,27.54287,27.889650000000017,14.627729426889791,False,none
2024-11-03 20:30:00,384.9342,375.0,27.47806,9.934199999999976,14.00878373509629,False,none
2024-11-03 20:44:00,380.5095,375.0,27.47806,5.509500000000003,13.84775708328754,False,none
2024-11-03 21:00:00,387.57630000000006,375.0,27.47806,12.57630000000006,14.104936811405176,False,none
2024-11-03 21:14:00,384.9192,375.0,27.47806,9.91919999999999,14.008237845029816,False,none
2024-11-03 21:30:00,384.5916,375.0,27.47806,9.591600000000028,13.996315605978008,False,none
2024-11-03 21:44:00,382.26075,375.0,27.47806,7.260749999999973,13.911489748548478,False,none
2024-11-03 21:58:00,377.5857,375.0,27.47806,2.5856999999999744,13.74135219153026,False,none
2024-11-03 22:14:00,375.12795,375.0,27.47806,0.1279499999999984,13.651908104138355,False,none
2024-11-03 22:30:00,367.4013,375.0,27.47806,-7.598700000000008,13.370714671996495,False,none
2024-11-03 22:44:00,358.33005,375.0,27.47806,-16.66994999999997,13.040587654295829,False,none
2024-11-03 23:00:00,349.25685,375.0,27.47806,-25.74315000000001,12.710389670886515,False,none
2024-11-03 23:16:00,358.4388,375.0,32.18736,-16.561199999999985,11.136011154689296,False,none
2024-11-03 23:30:00,351.84915,375.0,32.18736,-23.15084999999999,10.931283273931134,False,none
2024-11-03 23:44:00,364.6185,375.0,32.614,-10.381500000000017,11.179815416692218,False,none
2024-11-03 23:58:00,359.8542,375.0,32.614,-15.145800000000008,11.033733979272704,False,none
2024-11-04 00:14:00,353.76555,375.0,32.614,-21.23444999999998,10.84704574722512,False,none
2024-11-04 00:30:00,355.7469,375.0,32.67649,-19.253100000000018,10.886937366895893,False,none
2024-11-04 00:44:00,361.5339,375.0,32.67649,-13.466099999999985,11.064037171679088,False,none
2024-11-04 01:00:00,363.8778,375.0,32.67649,-11.12220000000002,11.135767642118232,False,none
2024-11-04 01:16:00,374.04135,375.0,32.67649,-0.9586499999999774,11.446803190917995,False,none
2024-11-04 01:28:00,362.9865,375.0,32.67649,-12.013500000000022,11.108491150671323,False,none
2024-11-04 01:44:00,355.21845,375.0,32.67649,-19.78154999999998,10.870765189284404,False,none
2024-11-04 01:58:00,355.3854,375.0,32.67649,-19.6146,10.875874367167343,False,none
2024-11-04 02:14:00,382.5234,375.0,32.67649,7.523399999999981,11.70637972438288,False,none
2024-11-04 02:30:00,385.8279,375.0,32.67649,10.8279,11.807507477088269,False,none
2024-11-04 02:44:00,403.00065,375.0,32.61195,28.000650000000007,12.35745332615805,False,none
2024-11-04 03:00:00,398.59275,375.0,27.87505,23.592750000000024,14.299265830913308,False,none
2024-11-04 03:16:00,378.7665,375.0,27.4878,3.766500000000008,13.779440333529784,False,none
2024-11-04 03:28:00,385.8828,375.0,27.4878,10.882799999999976,14.038329731735532,False,none
2024-11-04 03:44:00,391.70535000000007,375.0,27.4878,16.705350000000067,14.250152795058174,False,none
2024-11-04 04:00:00,393.45089999999993,375.0,27.4878,18.450899999999933,14.31365551262742,False,none
2024-11-04 04:14:00,393.84045,375.0,27.4878,18.840449999999976,14.327827254272805,False,none
2024-11-04 04:30:00,394.5726,375.0,27.4878,19.572600000000023,14.354462707091876,False,none
2024-11-04 04:44:00,392.9289,375.0,27.4878,17.9289,14.294665269683277,False,none
2024-11-04 05:00:00,390.9705,375.0,27.4878,15.970500000000015,14.223419116844564,False,none
2024-11-04 05:14:00,385.4052,375.0,27.4878,10.40519999999998,14.020954750834916,False,none
2024-11-04 05:28:00,378.3135,375.0,27.4878,3.3134999999999764,13.76296029511274,False,none
2024-11-04 05:44:00,374.49375,375.0,27.4878,-0.5062500000000227,13.62399864667234,False,none
2024-11-04 06:00:00,372.0276,375.0,27.4878,-2.9723999999999933,13.534280662693996,False,none
2024-11-04 06:14:00,364.63575,375.0,27.4878,-10.364250000000029,13.265366817278938,False,none
2024-11-04 06:30:00,356.90955,375.0,27.4878,-18.090449999999976,12.984289393840177,False,none
2024-11-04 06:46:00,351.2247,375.0,27.4878,-23.775300000000016,12.77747582563901,False,none
2024-11-04 07:00:00,345.82875,375.0,27.55957,-29.171249999999983,12.548408774157217,False,none
2024-11-04 07:14:00,358.6029,375.0,32.18746,-16.397100000000023,11.141074816092974,False,none
2024-11-04 07:28:00,349.8981,375.0,32.24593,-25.1019,10.850922891664156,False,none
2024-11-04 07:44:00,360.84855,375.0,32.66296,-14.151450000000011,11.04763775236537,False,none
2024-11-04 08:00:00,365.0577,375.0,32.66296,-9.942299999999989,11.176503905341097,False,none
2024-11-04 08:14:00,367.09605,375.0,32.66296,-7.903950000000009,11.23890945584846,False,none
2024-11-04 08:30:00,371.2632,375.0,32.66296,-3.736800000000017,11.366489748632702,False,none
2024-11-04 08:46:00,368.5485,375.0,32.66296,-6.45150000000001,11.283377256684636,False,none
2024-11-04 08:58:00,365.6037,375.0,32.66296,-9.396299999999997,11.193220087830374,False,none
2024-11-04 09:14:00,379.35705,375.0,32.66296,4.357050000000015,11.614288784604948,False,none
2024-11-04 09:28:00,394.6158,375.0,32.66296,19.61579999999998,12.08144638452853,False,none
2024-11-04 09:44:00,398.61825,375.0,32.66296,23.61824999999999,12.20398426841903,False,none
2024-11-04 10:00:00,401.1348,375.0,27.85159,26.134799999999984,14.402581683846414,False,none
2024-11-04 10:14:00,381.76275,375.0,27.42034,6.762749999999983,13.922611827570336,False,none
2024-11-04 10:30:00,384.5544,375.0,27.42034,9.554399999999989,14.024421287263396,False,none
2024-11-04 10:46:00,393.37605,375.0,27.42034,18.37605000000002,14.346140492787471,False,none
2024-11-04 10:58:00,396.19185,375.0,27.42034,21.191849999999988,14.448830685542193,False,none
2024-11-04 11:14:00,402.77699999999993,375.0,27.36563,27.77699999999993,14.7183529120287,False,none
2024-11-04 11:30:00,363.79995,375.0,26.8743,-11.200049999999976,13.537094919681628,False,none
2024-11-04 11:44:00,361.38075,375.0,26.8743,-13.619250000000022,13.447075830812336,False,none
2024-11-04 12:00:00,358.0449,375.0,26.8743,-16.955100000000016,13.322947946551164,False,none
2024-11-04 12:14:00,350.77365,375.0,26.94158,-24.226350000000025,13.019787629381796,False,none
2024-11-04 12:30:00,349.1085,375.0,26.94158,-25.891500000000008,12.957981677392343,False,none
2024-11-04 12:44:00,344.784,375.0,28.38564,-30.216000000000008,12.14642333236101,False,none
2024-11-04 12:58:00,364.3263,375.0,31.72932,-10.673699999999997,11.482322974460216,False,none
2024-11-04 13:14:00,357.79485,375.0,31.72932,-17.205150000000003,11.276473936409603,False,none
2024-11-04 13:30:00,351.0858,375.0,31.72932,-23.914199999999997,11.06502755180382,False,none
2024-11-04 13:44:00,366.19845,375.0,32.18852,-8.80155000000002,11.376678704084563,False,none
2024-11-04 14:00:00,358.80675,375.0,32.18852,-16.193249999999978,11.147040932605789,False,none
2024-11-04 14:16:00,348.51585,375.0,32.26306,-26.48415,10.80231850295663,False,none
2024-11-04 14:30:00,366.8178,375.0,32.63215,-8.182200000000023,11.240993927767551,False,none
2024-11-04 14:44:00,369.18015,375.0,32.63215,-5.819849999999974,11.313387257658476,False,none
2024-11-04 14:58:00,374.8485,375.0,32.63215,-0.1514999999999986,11.48709171783042,False,none
2024-11-04 15:14:00,369.98805,375.0,32.63215,-5.011950000000013,11.338145050203556,False,none
2024-11-04 15:30:00,377.4387,375.0,32.63215,2.438699999999983,11.56646742552973,False,none
2024-11-04 15:44:00,370.28805,375.0,32.69813,-4.711950000000002,11.324441183639554,False,none
2024-11-04 16:00:00,363.55695,375.0,32.69813,-11.443050000000028,11.118585374759965,False,none
2024-11-04 16:16:00,375.0693,375.0,32.69813,0.0692999999999983,11.47066514201271,False,none
2024-11-04 16:28:00,396.9405,375.0,32.69813,21.940499999999982,12.139547429776565,False,none
2024-11-04 16:44:00,400.5504,375.0,32.69813,25.550400000000025,12.24994823863016,False,none
2024-11-04 16:58:00,394.9038000000001,375.0,27.8731,19.903800000000103,14.167918172000965,False,none
2024-11-04 18:00:00,394.6722,375.0,27.48857,19.67219999999997,14.357683939179084,False,none
2024-11-04 18:16:00,396.49425,375.0,27.48857,21.494250000000022,14.423967852820285,False,none
2024-11-04 18:28:00,397.8012,375.0,27.48857,22.801199999999994,14.47151306888645,False,none
2024-11-04 18:44:00,395.3196,375.0,27.48857,20.31959999999998,14.381235546265229,False,none
2024-11-04 19:00:00,391.5012,375.0,27.48857,16.501199999999983,14.242326901690411,False,none
2024-11-04 19:14:00,388.75185,375.0,27.48857,13.75184999999999,14.14230896696336,False,none
2024-11-04 19:30:00,382.6689,375.0,27.48857,7.668900000000008,13.921018808908576,False,none
2024-11-04 19:44:00,379.05705,375.0,27.48857,4.057050000000004,13.789624196529685,False,none
2024-11-04 20:00:00,367.5702,375.0,27.48857,-7.4298,13.371746875155749,False,none
2024-11-04 20:14:00,360.7341,375.0,27.48857,-14.265899999999988,13.123058056494028,False,none
2024-11-04 20:28:00,354.576,375.0,27.48857,-20.423999999999975,12.899034034873404,False,none
2024-11-04 20:44:00,346.6209,375.0,27.75829,-28.379099999999998,12.487112858897287,False,none
2024-11-04 21:00:00,356.1237,375.0,32.20813,-18.87630000000001,11.056950527708375,False,none
2024-11-04 21:14:00,347.5575,375.0,32.50585,-27.442499999999995,10.692152335656504,False,none
2024-11-04 21:30:00,367.26825,375.0,32.67054,-7.731749999999977,11.241572682912496,False,none
2024-11-04 21:46:00,377.0094,375.0,32.67054,2.009400000000028,11.539735798673668,False,none
2024-11-04 22:00:00,358.9806,375.0,33.23566,-16.01940000000002,10.801067287365436,False,none
2024-11-04 22:14:00,370.4517,375.0,33.72843,-4.548299999999983,10.983366258079608,False,none
2024-11-04 22:28:00,362.9916,375.0,33.72843,-12.008399999999996,10.762184898615205,False,none
2024-11-04 22:44:00,366.38685,375.0,34.06752,-8.613150000000019,10.754726202553046,False,none
2024-11-04 23:00:00,360.14700000000005,375.0,34.06752,-14.852999999999952,10.571564939273538,False,none
2024-11-04 23:14:00,389.1831,375.0,34.06752,14.183100000000024,11.423875292360584,False,none
2024-11-04 23:30:00,392.71755,375.0,29.34142,17.717550000000017,13.384408457395724,False,none
2024-11-04 23:46:00,403.12575,375.0,29.18517,28.125749999999982,13.812691514217663,False,none
2024-11-04 23:58:00,398.5665,375.0,28.93301,23.56650000000002,13.775493804481457,False,none
2024-11-05 00:14:00,373.5855,375.0,28.31343,-1.4144999999999754,13.194639434360305,False,none
2024-11-05 00:28:00,355.4733,375.0,28.31343,-19.526700000000005,12.554935943825951,False,none
2024-11-05 00:44:00,346.50570000000005,375.0,29.29329,-28.494299999999956,11.828842031741742,False,none
2024-11-05 01:00:00,372.0894,375.0,33.23631,-2.910599999999988,11.195268066761924,False,none
2024-11-05 01:14:00,380.4825,375.0,28.28544,5.482500000000016,13.451531954249251,False,none
2024-11-05 01:30:00,386.80545,375.0,28.28544,11.805450000000008,13.675072758281292,False,none
2024-11-05 01:46:00,397.49535,375.0,28.28544,22.495349999999974,14.053002180627203,False,none
2024-11-05 01:58:00,397.6701000000001,375.0,28.28544,22.670100000000105,14.059180270838992,False,none
2024-11-05 02:14:00,392.72655,375.0,28.28544,17.726549999999975,13.88440660636709,False,none
2024-11-05 02:30:00,389.8836,375.0,28.28544,14.8836,13.783897298398044,False,none
2024-11-05 02:44:00,378.21045,375.0,28.28544,3.2104499999999803,13.371206175332608,False,none
2024-11-05 03:00:00,370.8252,375.0,28.28544,-4.174800000000005,13.110108946510996,False,none
2024-11-05 03:14:00,361.3206,375.0,28.28544,-13.679399999999989,12.774084475970676,False,none
2024-11-05 03:30:00,348.5517,375.0,28.28544,-26.448300000000017,12.322654340890578,False,none
2024-11-05 03:44:00,365.7462,375.0,33.20799,-9.253800000000012,11.013801196639724,False,none
2024-11-05 03:58:00,372.6102,375.0,33.20799,-2.38979999999998,11.220498440285004,False,none
2024-11-05 04:14:00,373.78605,375.0,33.20799,-1.2139500000000112,11.255907087420828,False,none
2024-11-05 04:30:00,367.83735,375.0,33.20799,-7.162649999999985,11.076772487585066,False,none
2024-11-05 04:44:00,373.57755,375.0,33.20799,-1.4224500000000262,11.249628477965691,False,none
2024-11-05 05:00:00,356.59995000000004,375.0,33.20799,-18.400049999999965,10.738378022879434,False,none
2024-11-05 05:16:00,352.68044999999995,375.0,33.26963,-22.31955000000005,10.600672445109849,False,none
2024-11-05 05:30:00,359.8965,375.0,33.26963,-15.103499999999997,10.817568455074491,False,none
2024-11-05 05:44:00,378.9873,375.0,33.26963,3.9873000000000047,11.391389083677817,False,none
2024-11-05 05:58:00,380.06145,375.0,33.26963,5.061449999999979,11.423675285838764,False,none
2024-11-05 06:14:00,386.66235,375.0,33.26963,11.662350000000004,11.622081459877974,False,none
2024-11-05 06:30:00,397.6872,375.0,33.26963,22.68720000000002,11.953460257898872,False,none
2024-11-05 06:44:00,378.6561,375.0,28.33715,3.656099999999981,13.362532929387744,False,none
2024-11-05 07:00:00,388.95975,375.0,28.33715,13.959749999999984,13.72614218437634,False,none
2024-11-05 07:16:00,390.73935000000006,375.0,28.33715,15.73935000000006,13.78894313648338,False,none
2024-11-05 07:28:00,393.7749,375.0,28.33715,18.7749,13.89606576525868,False,none
2024-11-05 07:44:00,397.30245,375.0,28.33715,22.30245000000002,14.020550761103358,False,none
2024-11-05 07:58:00,397.40865,375.0,28.33715,22.408650000000023,14.024298491556138,False,none
2024-11-05 08:14:00,395.63055,375.0,28.33715,20.630550000000028,13.96155047349504,False,none
2024-11-05 08:30:00,394.31565,375.0,28.33715,19.315650000000005,13.915148488821211,False,none
2024-11-05 08:44:00,388.9947,375.0,28.33715,13.994700000000025,13.727375547646815,False,none
2024-11-05 09:00:00,379.30065,375.0,28.33715,4.300650000000019,13.38527868892955,False,none
2024-11-05 09:16:00,369.5301,375.0,28.33715,-5.469899999999996,13.04048219386918,False,none
2024-11-05 09:28:00,364.8636,375.0,28.33715,-10.13639999999998,12.875804376939811,False,none
2024-11-05 09:44:00,352.43085,375.0,28.33715,-22.56914999999998,12.43706053713941,False,none
2024-11-05 10:00:00,368.2617,375.0,33.2774,-6.738299999999981,11.066420453521008,False,none
2024-11-05 10:14:00,356.5695,375.0,33.2774,-18.430499999999995,10.71506487886674,False,none
2024-11-05 10:44:00,354.6891,375.0,33.64567,-20.310900000000004,10.541894395326352,False,none
2024-11-05 11:00:00,364.33365,375.0,34.10104,-10.666350000000024,10.68394541632748,False,none
2024-11-05 11:14:00,377.4,375.0,34.10104,2.3999999999999773,11.067111149689277,False,none
2024-11-05 11:28:00,387.46755,375.0,34.10104,12.467550000000015,11.362338216077868,False,none
2024-11-05 11:44:00,382.16325,375.0,34.10104,7.163250000000005,11.20679164037226,False,none
2024-11-05 12:00:00,392.70735,375.0,34.10104,17.70735000000002,11.515993353868389,False,none
2024-11-05 12:14:00,374.3976,375.0,34.10104,-0.6023999999999887,10.979066914088252,False,none
2024-11-05 12:30:00,376.33245,375.0,34.10104,1.3324499999999944,11.035805652848126,False,none
2024-11-05 12:46:00,386.45055,375.0,34.10104,11.45055000000002,11.332515078719007,False,none
2024-11-05 13:00:00,379.7778,375.0,29.17831,4.777800000000013,13.01575725256192,False,none
2024-11-05 13:14:00,384.69345,375.0,29.17831,9.693449999999984,13.184226571038556,False,none
2024-11-05 13:28:00,373.2009,375.0,28.7576,-1.79910000000001,12.977470303502376,False,none
2024-11-05 13:44:00,402.97455,375.0,28.7576,27.974550000000026,14.012801833254514,False,none
2024-11-05 14:00:00,395.6109,375.0,28.14472,20.61090000000001,14.056309673715,False,none
2024-11-05 14:14:00,380.20635,375.0,27.76317,5.206349999999986,13.694630332199097,False,none
2024-11-05 14:30:00,381.18705,375.0,27.76317,6.187049999999999,13.729954108266456,False,none
2024-11-05 14:46:00,379.82625,375.0,27.76317,4.826250000000016,13.680939532481345,False,none
2024-11-05 14:58:00,379.4496,375.0,27.76317,4.449599999999975,13.667372998112247,False,none
2024-11-05 15:14:00,375.94815,375.0,27.76317,0.9481499999999984,13.541254474903262,False,none
2024-11-05 15:28:00,372.66795,375.0,27.76317,-2.332049999999981,13.423105142532355,False,none
2024-11-05 15:44:00,364.87845,375.0,27.76317,-10.121550000000012,13.14253559661955,False,none
2024-11-05 16:00:00,361.032,375.0,27.76317,-13.968000000000018,13.003990538544407,False,none
2024-11-05 16:14:00,359.14725,375.0,27.76317,-15.852750000000016,12.936103838286478,False,none
2024-11-05 16:30:00,359.52750000000003,375.0,27.76317,-15.472499999999968,12.94980004084548,False,none
2024-11-05 16:44:00,348.39795,375.0,27.82132,-26.60205000000002,12.522696622590155,False,none
2024-11-05 16:58:00,369.68385,375.0,32.6316,-5.316149999999993,11.329013900636191,False,none
2024-11-05 17:14:00,353.20455,375.0,32.6316,-21.795450000000017,10.824003419997794,False,none
2024-11-05 17:30:00,359.4399,375.0,32.6316,-15.560099999999975,11.015086603169934,False,none
2024-11-05 17:44:00,359.72535,375.0,32.6316,-15.274650000000008,11.023834258816608,False,none
2024-11-05 18:00:00,366.1818,375.0,32.6316,-8.81819999999999,11.221693082778655,False,none
2024-11-05 18:14:00,368.8545,375.0,32.6316,-6.145500000000027,11.303598352517191,False,none
2024-11-05 18:30:00,354.92535,375.0,32.6316,-20.07465000000002,10.876737579524145,False,none
2024-11-05 18:44:00,357.60945,375.0,32.6316,-17.39055000000002,10.958992203875995,False,none
2024-11-05 18:58:00,371.47275,375.0,32.6316,-3.527249999999981,11.383834994300004,False,none
2024-11-05 19:14:00,384.0036,375.0,32.6316,9.003600000000006,11.767844665906669,False,none
2024-11-05 19:30:00,390.21449999999993,375.0,32.6316,15.21449999999993,11.95817857536866,False,none
2024-11-05 19:44:00,402.97170000000006,375.0,32.57409,27.97170000000005,12.37092732291217,False,none
2024-11-05 20:00:00,393.15315,375.0,27.82803,18.153149999999982,14.127954799531263,False,none
2024-11-05 20:16:00,397.95015,375.0,27.82803,22.950150000000008,14.300334950048567,False,none
2024-11-05 20:28:00,377.62215,375.0,27.49133,2.6221499999999764,13.736045145869625,False,none
2024-11-05 20:44:00,379.4595000000001,375.0,27.49133,4.459500000000105,13.802878944016172,False,none
2024-11-05 20:58:00,381.0297,375.0,27.49133,6.029699999999991,13.859995133011024,False,none
2024-11-05 21:14:00,383.7558,375.0,27.49133,8.755800000000022,13.959157305230413,False,none
2024-11-05 21:30:00,383.19975,375.0,27.49133,8.199749999999995,13.938930928405428,False,none
2024-11-05 21:44:00,382.5846,375.0,27.49133,7.584600000000023,13.91655478290792,False,none
2024-11-05 22:00:00,376.9119,375.0,27.49133,1.9119000000000028,13.71020972793968,False,none
2024-11-05 22:16:00,371.898,375.0,27.49133,-3.1019999999999754,13.527828591777844,False,none
2024-11-05 22:28:00,364.75965,375.0,27.49133,-10.240349999999978,13.26817036498416,False,none
2024-11-05 22:44:00,360.2985,375.0,27.49133,-14.70150000000001,13.105895567802648,False,none
2024-11-05 22:58:00,352.50225,375.0,27.49133,-22.49775,12.82230615979656,False,none
2024-11-05 23:14:00,357.14415,375.0,32.24046,-17.855849999999975,11.077514092540865,False,none
2024-11-05 23:30:00,346.52265,375.0,32.43583,-28.47735,10.683329207237795,False,none
2024-11-05 23:44:00,360.7296,375.0,32.65207,-14.270399999999997,11.047679366116755,False,none
2024-11-06 00:00:00,353.69385,375.0,32.65207,-21.30615,10.83220298131175,False,none
2024-11-06 00:14:00,366.2367,375.0,32.65207,-8.763300000000015,11.216339423503625,False,none
2024-11-06 00:28:00,370.47795,375.0,32.65207,-4.522049999999979,11.346231647794458,False,none
2024-11-06 00:44:00,373.8363,375.0,32.65207,-1.1637000000000055,11.449084238763422,False,none
2024-11-06 01:00:00,367.72185,375.0,32.65207,-7.278149999999982,11.26182352298032,False,none
2024-11-06 01:14:00,356.4489,375.0,32.65207,-18.55110000000002,10.916578948899716,False,none
2024-11-06 01:30:00,362.4831,375.0,33.02192,-12.51690000000002,10.977044944691285,False,none
2024-11-06 01:46:00,379.39755,375.0,33.02192,4.397550000000024,11.48926379810744,False,none
2024-11-06 02:00:00,385.21125,375.0,33.02192,10.211250000000009,11.665319581659697,False,none
2024-11-06 02:14:00,396.2772,375.0,33.02192,21.277199999999997,12.0004288060779,False,none
2024-11-06 02:28:00,403.0542,375.0,32.91187,28.05419999999998,12.246469131046032,False,none
2024-11-06 02:44:00,398.9016,375.0,27.83198,23.901599999999974,14.332490897162184,False,none
2024-11-06 03:00:00,379.2612,375.0,27.48874,4.261199999999974,13.79696559391227,False,none
2024-11-06 03:14:00,385.85655,375.0,27.48874,10.856550000000029,14.036894743083897,False,none
2024-11-06 03:30:00,384.9445500000001,375.0,27.48874,9.944550000000106,14.003717522156348,False,none
2024-11-06 03:46:00,382.7307,375.0,27.48874,7.730700000000013,13.923180909710668,False,none
2024-11-06 03:58:00,382.34655,375.0,27.48874,7.346549999999979,13.909206096750887,False,none
2024-11-06 04:14:00,379.92585,375.0,27.48874,4.925850000000025,13.821144585019177,False,none
2024-11-06 04:28:00,375.41235,375.0,27.48874,0.4123500000000035,13.656950082106349,False,none
2024-11-06 04:44:00,368.4543,375.0,27.48874,-6.545700000000011,13.40382643948031,False,none
2024-11-06 05:00:00,362.8125,375.0,27.48874,-12.1875,13.198586039229154,False,none
2024-11-06 05:14:00,352.4268,375.0,27.48874,-22.573199999999986,12.820769522357155,False,none
2024-11-06 05:30:00,347.7396,375.0,27.48874,-27.260400000000004,12.650256068484769,False,none
2024-11-06 05:46:00,355.25505,375.0,32.18393,-19.744950000000017,11.03827438103426,False,none
2024-11-06 05:58:00,345.58095000000003,375.0,32.35051,-29.41904999999997,10.682395733483029,False,none
2024-11-06 06:14:00,360.47055,375.0,32.60153,-14.529449999999995,11.056859908108608,False,none
2024-11-06 06:28:00,358.9224,375.0,32.60153,-16.077600000000018,11.00937287299093,False,none
2024-11-06 06:44:00,365.14485,375.0,32.60153,-9.85514999999998,11.200236614661952,False,none
2024-11-06 07:00:00,368.17695,375.0,32.60153,-6.823050000000023,11.293241452164976,False,none
2024-11-06 07:14:00,368.57715,375.0,32.60153,-6.422849999999983,11.305516949664634,False,none
2024-11-06 07:30:00,366.27885,375.0,32.60153,-8.721150000000023,11.235020258251684,False,none
2024-11-06 07:44:00,363.6489,375.0,32.60153,-11.351099999999974,11.154350731392055,False,none
2024-11-06 07:58:00,360.89655,375.0,32.60153,-14.10345000000001,11.069926779510045,False,none
2024-11-06 08:14:00,375.03225,375.0,32.60153,0.0322499999999763,11.503516859484815,False,none
2024-11-06 08:30:00,382.4337,375.0,32.60153,7.4336999999999875,11.730544548062625,False,none
2024-11-06 08:44:00,385.02405,375.0,32.60153,10.024049999999988,11.809999408003245,False,none
2024-11-06 09:00:00,393.2505,375.0,32.60153,18.250499999999988,12.062332657393688,False,none
2024-11-06 09:16:00,397.36545,375.0,32.60153,22.36545000000001,12.188552193716063,False,none
2024-11-06 09:30:00,400.68375,375.0,32.60153,25.68374999999997,12.290335760315545,False,none
2024-11-06 09:44:00,388.14105,375.0,27.85146,13.141050000000009,13.936111428269829,False,none
2024-11-06 09:58:00,391.73445,375.0,27.85146,16.73444999999998,14.065131594537592,False,none
2024-11-06 10:14:00,395.3181,375.0,27.85146,20.318100000000012,14.19380168939079,False,none
2024-11-06 10:30:00,399.4845,375.0,27.85146,24.484500000000025,14.343395283407046,False,none
2024-11-06 10:44:00,390.7986,375.0,27.85146,15.798600000000022,14.031530124453084,False,none
2024-11-06 11:00:00,386.7456,375.0,27.85146,11.745600000000024,13.88600813027396,False,none
2024-11-06 11:16:00,387.15375000000006,375.0,27.85146,12.15375000000006,13.900662658259211,False,none
2024-11-06 11:28:00,380.5599,375.0,27.85146,5.559900000000027,13.66391205344352,False,none
2024-11-06 11:44:00,366.6597,375.0,27.85146,-8.340300000000013,13.16482870197828,False,none
2024-11-06 11:58:00,359.79705,375.0,27.85146,-15.202949999999989,12.918426897548638,False,none
2024-11-06 12:14:00,355.20585,375.0,27.85146,-19.79415,12.753580961285332,False,none
2024-11-06 12:30:00,346.8315,375.0,27.85146,-28.168499999999995,12.452901930455353,False,none
2024-11-06 12:44:00,359.02305,375.0,32.62425,-15.976949999999988,11.004790914733672,False,none
2024-11-06 13:00:00,350.0769,375.0,32.80256,-24.923099999999977,10.672243263940375,False,none
2024-11-06 13:16:00,350.5305,375.0,32.98341,-24.469499999999982,10.627479087213846,False,none
2024-11-06 13:28:00,354.9546,375.0,32.98341,-20.04539999999997,10.76161015492334,False,none
2024-11-06 13:44:00,356.5341,375.0,32.98341,-18.465899999999976,10.809497865745234,False,none
2024-11-06 14:00:00,387.24645,375.0,33.22405,12.246449999999982,11.655606405600762,False,none
2024-11-06 14:14:00,377.2254,375.0,33.22405,2.225399999999979,11.353986043242772,False,none
2024-11-06 14:30:00,369.1128,375.0,33.22405,-5.887200000000007,11.10980750390154,False,none
2024-11-06 14:44:00,381.4389,375.0,33.22405,6.43889999999999,11.48080682517634,False,none
2024-11-06 15:00:00,403.8207,375.0,33.10785,28.820699999999988,12.197128475573011,False,none
2024-11-06 15:14:00,379.96815,375.0,28.2787,4.96814999999998,13.43654941705241,False,none
2024-11-06 15:44:00,396.2407500000001,375.0,28.2787,21.240750000000105,14.011986053107112,False,none
2024-11-06 16:00:00,375.25665,375.0,27.83983,0.2566499999999792,13.479128644104508,False,none
2024-11-06 16:14:00,379.86075,375.0,27.83983,4.860749999999996,13.644506809129222,False,none
2024-11-06 16:30:00,382.2648,375.0,27.83983,7.26479999999998,13.730859707117464,False,none
2024-11-06 16:46:00,387.6798,375.0,27.83983,12.6798,13.925365205175464,False,none
2024-11-06 17:00:00,389.1276,375.0,27.83983,14.127599999999973,13.977369833077285,False,none
2024-11-06 17:14:00,389.1822,375.0,27.83983,14.182200000000025,13.979331051949671,False,none
2024-11-06 17:28:00,386.1675,375.0,27.83983,11.167500000000018,13.871043752781535,False,none
2024-11-06 17:44:00,379.9053,375.0,27.83983,4.905300000000011,13.646107034417955,False,none
2024-11-06 18:00:00,376.04865,375.0,27.83983,1.0486500000000092,13.507577093681968,False,none
2024-11-06 18:14:00,371.3838,375.0,27.83983,-3.616199999999992,13.340016803263527,False,none
2024-11-06 18:30:00,365.91945,375.0,27.83983,-9.080550000000017,13.143738665070872,False,none
2024-11-06 18:46:00,356.9649,375.0,27.83983,-18.0351,12.82209338203574,False,none
2024-11-06 18:58:00,349.5033,375.0,27.83983,-25.496699999999976,12.5540745040469,False,none
2024-11-06 19:14:00,358.98465,375.0,32.63742,-16.015350000000012,10.999173647917022,False,none
2024-11-06 19:28:00,351.91335000000004,375.0,32.63742,-23.086649999999963,10.782511301444783,False,none
2024-11-06 19:44:00,350.82405,375.0,32.69352,-24.17595,10.730690668976605,False,none
2024-11-06 20:00:00,358.82835,375.0,32.69352,-16.17165,10.97551900193066,False,none
2024-11-06 20:14:00,359.31945,375.0,32.69352,-15.680549999999982,10.990540327257513,False,none
2024-11-06 20:30:00,364.56555,375.0,32.69352,-10.434450000000028,11.15100331808872,False,none
2024-11-06 20:46:00,361.8249,375.0,32.69352,-13.175099999999986,11.067174779589353,False,none
2024-11-06 20:58:00,352.42245,375.0,32.69352,-22.57754999999997,10.779581091298828,False,none
2024-11-06 21:14:00,352.87005,375.0,33.08393,-22.129950000000008,10.665904866803912,False,none
2024-11-06 21:30:00,373.59345,375.0,33.08393,-1.4065499999999815,11.292293569717987,False,none
2024-11-06 21:44:00,380.35245,375.0,33.08393,5.352449999999976,11.496592152141536,False,none
2024-11-06 22:00:00,390.2082,375.0,33.08393,15.208199999999977,11.794493580418044,False,none
2024-11-06 22:14:00,401.9271,375.0,33.08393,26.9271,12.148710869597414,False,none
2024-11-06 22:30:00,395.91014999999993,375.0,27.86732,20.91014999999993,14.206968951445631,False,none
2024-11-06 22:44:00,400.5414,375.0,27.8106,25.54140000000001,14.402472438566589,False,none
2024-11-06 22:58:00,380.32695,375.0,27.37048,5.326950000000011,13.895516264237967,False,none
2024-11-06 23:14:00,380.8143,375.0,27.37048,5.814300000000003,13.913321943933756,False,none
2024-11-06 23:30:00,381.66945,375.0,27.37048,6.669449999999984,13.94456545884471,False,none
2024-11-06 23:44:00,378.5262,375.0,27.37048,3.526200000000017,13.82972457918166,False,none
2024-11-07 00:00:00,374.2323,375.0,27.37048,-0.7676999999999907,13.672843881437228,False,none
2024-11-07 00:16:00,371.4126,375.0,27.37048,-3.5874000000000024,13.569824131692249,False,none
2024-11-07 00:30:00,365.6334,375.0,27.37048,-9.366600000000004,13.358676939534856,False,none
2024-11-07 00:44:00,358.87155,375.0,27.37048,-16.128449999999987,13.111627929068106,False,none
2024-11-07 00:58:00,351.9183,375.0,27.37048,-23.08170000000001,12.857585983146803,False,none
2024-11-07 01:14:00,345.7995,375.0,27.48658,-29.200499999999977,12.58066663804664,False,none
2024-11-07 01:30:00,353.00535,375.0,32.24809,-21.99464999999998,10.946550632921207,False,none
2024-11-07 01:44:00,363.297,375.0,32.68855,-11.702999999999976,11.113891561418296,False,none
2024-11-07 02:00:00,360.4962,375.0,32.68855,-14.503800000000012,11.028210183688172,False,none
2024-11-07 02:16:00,359.85825,375.0,32.68855,-15.141750000000002,11.00869417578938,False,none
2024-11-07 02:28:00,360.6351,375.0,32.68855,-14.364899999999976,11.032459377977917,False,none
2024-11-07 02:44:00,361.58685,375.0,32.68855,-13.413149999999971,11.06157507751185,False,none
2024-11-07 02:58:00,369.4626,375.0,32.68855,-5.537399999999991,11.3025080647505,False,none
2024-11-07 03:14:00,363.5529,375.0,32.68855,-11.447099999999978,11.121719990638924,False,none
2024-11-07 03:30:00,357.1209,375.0,32.68855,-17.879099999999994,10.924953844694857,False,none
2024-11-07 03:44:00,368.03955,375.0,32.68855,-6.96044999999998,11.258974472712923,False,none
2024-11-07 04:00:00,379.9584,375.0,32.68855,4.958399999999983,11.62359297062733,False,none
2024-11-07 04:16:00,386.5203,375.0,32.68855,11.52030000000002,11.824332985097229,False,none
2024-11-07 04:28:00,397.104,375.0,32.68855,22.103999999999985,12.148106905934952,False,none
2024-11-07 04:44:00,392.68725,375.0,27.83465,17.687250000000006,14.107856574449473,False,none
2024-11-07 05:00:00,399.83985000000007,375.0,27.83465,24.83985000000007,14.364824059221151,False,none
2024-11-07 05:14:00,376.92105,375.0,27.32834,1.92104999999998,13.792314132508595,False,none
2024-11-07 05:30:00,375.56355,375.0,27.32834,0.5635500000000206,13.742640423823769,False,none
2024-11-07 05:44:00,382.6866,375.0,27.32834,7.6865999999999985,14.003287429825594,False,none
2024-11-07 06:00:00,384.17565,375.0,27.32834,9.17565000000002,14.057774822766405,False,none
2024-11-07 06:14:00,380.01,375.0,27.32834,5.009999999999991,13.905345147198842,False,none
2024-11-07 06:28:00,378.77655,375.0,27.32834,3.776549999999986,13.860210682390514,False,none
2024-11-07 06:44:00,372.56685,375.0,27.32834,-2.433150000000012,13.632985025801052,False,none
2024-11-07 07:00:00,366.7635,375.0,27.32834,-8.236499999999978,13.420628548971507,False,none
2024-11-07 07:14:00,356.89545,375.0,27.32834,-18.104550000000017,13.05953636408212,False,none
2024-11-07 07:30:00,348.71325,375.0,27.39269,-26.286749999999984,12.730157206174349,False,none
2024-11-07 07:46:00,360.996,375.0,32.24203,-14.00400000000002,11.19644141513422,False,none
2024-11-07 08:00:00,351.11655,375.0,32.24203,-23.883449999999986,10.890026155301015,False,none
2024-11-07 08:14:00,362.4873,375.0,32.66375,-12.512699999999995,11.097540851861773,False,none
2024-11-07 08:28:00,354.243,375.0,32.66375,-20.757000000000005,10.845141785618614,False,none
2024-11-07 08:44:00,355.6449,375.0,32.66375,-19.355099999999997,10.888060923806972,False,none
2024-11-07 09:00:00,358.3095,375.0,32.73332,-16.690499999999986,10.946323196058328,False,none
2024-11-07 09:14:00,355.54905,375.0,32.73332,-19.450949999999978,10.8619916953123,False,none
2024-11-07 09:30:00,365.79195,375.0,32.73332,-9.208050000000014,11.174911374709318,False,none
2024-11-07 09:46:00,353.73720000000003,375.0,32.73332,-21.26279999999997,10.80663983977183,False,none
2024-11-07 09:58:00,384.29115,375.0,33.26079,9.291150000000016,11.55387920731889,False,none
2024-11-07 10:14:00,399.636,375.0,33.26079,24.636000000000024,12.015228742311894,False,none
2024-11-07 10:28:00,391.7922,375.0,28.31798,16.79219999999998,13.835457190096186,False,none
2024-11-07 10:44:00,403.18395,375.0,28.2632,28.18394999999998,14.265332658722295,False,none
2024-11-07 11:00:00,384.34875,375.0,27.84894,9.348749999999995,13.801198537538593,False,none
2024-11-07 11:14:00,391.221,375.0,27.84894,16.221000000000004,14.047967355310472,False,none
2024-11-07 11:30:00,398.82735,375.0,27.84894,23.827350000000024,14.321096242801342,False,none
